Policy_Number,Customer_Name,Age,Policy_Type,Company,Company_Product,Sum_Assured,Term,Nominee,Smoker
LIFE-809958,Hemal Mani,27,Whole Life,SBI Life,SBI Life Permanent Shield,500000,25,Laksh Oommen,False
LIFE-104463,Saksham Pandey,36,Whole Life,Max Life,Max Life Forever Secure,1000000,10,Nandini Chatterjee,False
LIFE-632658,Udarsh Soman,35,Whole Life,HDFC Life,HDFC Life Lifetime Cover,1000000,15,Hemang Chaudry,True
LIFE-821857,Yashvi Ramesh,39,Term Plan,LIC,LIC Life Protect,5000000,20,Vihaan Andra,False
LIFE-663866,Veda Dixit,50,Term Plan,ICICI Pru Life,ICICI Pru Life Term Elite,500000,10,Sanya Bhagat,True
LIFE-817436,Irya Modi,20,Whole Life,LIC,LIC Permanent Shield,500000,20,Utkarsh Sundaram,False
LIFE-566703,Yasti Hora,32,Endowment,SBI Life,SBI Life Money Back Plus,2000000,25,Veda Bhatia,False
LIFE-441315,Lekha Brahmbhatt,25,Whole Life,Max Life,Max Life Lifetime Cover,1000000,25,Urishilla Konda,False
LIFE-295159,Avni Nagi,44,Term Plan,LIC,LIC Secure Future,5000000,20,Ishanvi Warrior,False
LIFE-245713,Rudra Dhingra,33,Term Plan,LIC,LIC Term Elite,5000000,25,Abeer Sarkar,False
LIFE-263537,Faris Pall,69,Endowment,LIC,LIC Savings Plan,5000000,20,Agastya Dara,False
LIFE-507116,Frederick Contractor,57,Term Plan,Max Life,Max Life Term Elite,1000000,10,Girik Buch,False
LIFE-237557,Lakshmi Parikh,51,Endowment,LIC,LIC Golden Years,5000000,30,Gayathri Mitter,False
LIFE-534061,Ekanta Bhakta,58,Term Plan,SBI Life,SBI Life Life Protect,1000000,10,Daksha Nori,True
LIFE-312724,Faraj More,61,Endowment,LIC,LIC Wealth Builder,2000000,10,Gaurav Madan,False
LIFE-692148,Janaki Kannan,55,Term Plan,HDFC Life,HDFC Life Life Protect,5000000,25,Triya Bhagat,False
LIFE-568948,Balendra Karpe,21,Term Plan,ICICI Pru Life,ICICI Pru Life Life Protect,1000000,20,Maanas Bhagat,False
LIFE-884574,Mohini Chokshi,62,Endowment,ICICI Pru Life,ICICI Pru Life Money Back Plus,500000,20,Arjun Iyer,False
LIFE-460701,Nicholas Palla,32,Endowment,LIC,LIC Money Back Plus,5000000,15,Harita Nagar,False
LIFE-354979,Zayyan Dhar,54,Term Plan,SBI Life,SBI Life Secure Future,1000000,25,Oliver Nagarajan,True
LIFE-265454,Oeshi Tata,33,Whole Life,HDFC Life,HDFC Life Lifetime Cover,500000,30,Hredhaan Lad,False
LIFE-398659,Vrinda Bose,55,Term Plan,ICICI Pru Life,ICICI Pru Life Life Protect,500000,30,Christopher Sant,False
LIFE-295874,Mitali Thaker,26,Endowment,SBI Life,SBI Life Golden Years,1000000,25,Ranveer Ravel,False
LIFE-868121,Laksh Char,70,Endowment,LIC,LIC Money Back Plus,2000000,10,Oliver Raju,False
LIFE-396806,Samesh Swaminathan,51,Endowment,LIC,LIC Wealth Builder,2000000,25,Kritika Nadig,False
LIFE-667608,Siya Lanka,58,Term Plan,LIC,LIC Shield Plan,5000000,30,Amaira Mane,True
LIFE-731483,Jyoti Bawa,63,Endowment,SBI Life,SBI Life Wealth Builder,5000000,10,Varenya Nigam,False
LIFE-528994,Lekha Parsa,68,Term Plan,HDFC Life,HDFC Life Shield Plan,5000000,10,Saanvi Barad,False
LIFE-921552,Eesha Mangat,38,Term Plan,ICICI Pru Life,ICICI Pru Life Life Protect,2000000,10,Baghyawati Nagarajan,False
LIFE-403917,Darika Banik,58,Endowment,LIC,LIC Wealth Builder,500000,20,Chatresh Kohli,False
LIFE-469614,Fiyaz Bahl,40,Whole Life,SBI Life,SBI Life Forever Secure,500000,30,Robert Grover,False
LIFE-746161,Pranav Barad,51,Endowment,HDFC Life,HDFC Life Wealth Builder,1000000,25,Hitesh Brar,False
LIFE-389034,Zashil Nayak,40,Term Plan,ICICI Pru Life,ICICI Pru Life Shield Plan,5000000,15,Ladli Lanka,False
LIFE-984196,Anirudh Gade,68,Term Plan,HDFC Life,HDFC Life Secure Future,5000000,25,Ati Chacko,False
LIFE-783653,Guneet Goda,20,Term Plan,ICICI Pru Life,ICICI Pru Life Secure Future,5000000,20,Chakradev Bhatti,False
LIFE-992918,Upadhriti Buch,70,Whole Life,SBI Life,SBI Life Lifetime Cover,500000,30,Alka Balasubramanian,False
LIFE-619234,Qabil Jani,59,Endowment,LIC,LIC Golden Years,5000000,10,Faris Anand,False
LIFE-833006,Jairaj Sunder,45,Term Plan,Max Life,Max Life Secure Future,1000000,15,Sarthak Choudhary,False
LIFE-514091,Ethan Bail,53,Endowment,SBI Life,SBI Life Golden Years,1000000,30,Matthew Lad,True
LIFE-260911,Nidhi Tara,30,Term Plan,SBI Life,SBI Life Term Elite,5000000,20,Qarin Divan,True
LIFE-854015,Faraj Minhas,21,Term Plan,LIC,LIC Secure Future,1000000,25,Yashoda Lad,False
LIFE-130406,Tanish Golla,41,Term Plan,Max Life,Max Life Shield Plan,500000,20,Raksha Virk,False
LIFE-548253,Aachal Chand,38,Endowment,LIC,LIC Golden Years,1000000,20,Gunbir Barad,False
LIFE-550442,Karan Jhaveri,53,Term Plan,LIC,LIC Term Elite,500000,25,Charles Tak,False
LIFE-959300,Zansi Pillai,67,Term Plan,ICICI Pru Life,ICICI Pru Life Shield Plan,500000,20,Watika Biswas,False
LIFE-751394,Daksha Pillai,20,Term Plan,HDFC Life,HDFC Life Secure Future,500000,25,Neelima Dubey,False
LIFE-460593,Nisha Issac,56,Term Plan,LIC,LIC Shield Plan,1000000,10,Sai Kalla,True
LIFE-581716,Nathaniel Karnik,22,Term Plan,SBI Life,SBI Life Life Protect,1000000,15,Baljiwan Madan,False
LIFE-740473,Pranit Natarajan,61,Whole Life,SBI Life,SBI Life Permanent Shield,2000000,20,Akshay Bir,False
LIFE-624105,Zaitra Palla,36,Term Plan,SBI Life,SBI Life Term Elite,500000,20,Bachittar Thakur,False
LIFE-459529,Oliver Mahal,38,Term Plan,HDFC Life,HDFC Life Term Elite,1000000,25,Farhan Sarraf,False
LIFE-867235,Sarthak Edwin,42,Term Plan,SBI Life,SBI Life Secure Future,5000000,10,Maanav Gokhale,True
LIFE-640943,Benjamin Chaudhari,28,Endowment,SBI Life,SBI Life Golden Years,1000000,20,Zinal Gole,False
LIFE-590810,Advik Talwar,54,Endowment,ICICI Pru Life,ICICI Pru Life Golden Years,500000,15,Nathaniel Pant,False
LIFE-213726,Aarav Singh,47,Whole Life,SBI Life,SBI Life Permanent Shield,500000,15,Ekapad Nagy,False
LIFE-739432,Ayaan Sidhu,69,Endowment,Max Life,Max Life Money Back Plus,5000000,20,Sara Dash,False
LIFE-917158,Chandresh Biswas,66,Endowment,HDFC Life,HDFC Life Wealth Builder,1000000,10,Wakeeta Cherian,False
LIFE-443423,Nitesh Sama,36,Endowment,Max Life,Max Life Savings Plan,5000000,30,Praneel Narula,False
LIFE-531901,Tristan Lanka,42,Whole Life,ICICI Pru Life,ICICI Pru Life Lifetime Cover,2000000,15,Adweta Rai,False
LIFE-490869,Chasmum Sachdeva,53,Endowment,Max Life,Max Life Money Back Plus,500000,30,Jeremiah Rege,False
LIFE-703318,Faris Kapur,36,Endowment,HDFC Life,HDFC Life Savings Plan,2000000,20,Agastya Morar,False
LIFE-153018,Hemani Nagar,23,Term Plan,HDFC Life,HDFC Life Term Elite,500000,15,Gagan Toor,False
LIFE-860658,Amruta Kothari,39,Term Plan,HDFC Life,HDFC Life Term Elite,1000000,20,Jagrati Tailor,False
LIFE-507844,Dalaja Chaudhari,63,Whole Life,LIC,LIC Lifetime Cover,5000000,30,Parth Luthra,False
LIFE-501932,Ekapad Tiwari,59,Endowment,HDFC Life,HDFC Life Savings Plan,2000000,25,Mugdha Sanghvi,False
LIFE-552984,Anvi Mahal,56,Endowment,ICICI Pru Life,ICICI Pru Life Money Back Plus,500000,30,Dakshesh Kala,False
LIFE-274188,Chanchal Vig,37,Term Plan,LIC,LIC Term Elite,1000000,10,Tanay Sunder,False
LIFE-266189,Vansha Rana,53,Whole Life,Max Life,Max Life Permanent Shield,1000000,15,Sneha De,False
LIFE-398192,Tripti Sami,31,Whole Life,ICICI Pru Life,ICICI Pru Life Forever Secure,2000000,20,Veda Narasimhan,False
LIFE-658740,Yauvani Soni,54,Term Plan,HDFC Life,HDFC Life Shield Plan,2000000,30,Vamakshi Saxena,False
LIFE-917699,Abha Mohanty,57,Term Plan,ICICI Pru Life,ICICI Pru Life Shield Plan,1000000,20,Rayaan Nagar,False
LIFE-687035,Vanya Dar,46,Whole Life,Max Life,Max Life Lifetime Cover,2000000,15,Gunbir Gaba,False
LIFE-377135,Advika Doshi,52,Term Plan,LIC,LIC Life Protect,500000,15,Yashvi Andra,False
LIFE-345837,Deepa Parmer,55,Term Plan,ICICI Pru Life,ICICI Pru Life Life Protect,2000000,10,Amrita Kaul,False
LIFE-560320,Mohammed Wadhwa,69,Endowment,Max Life,Max Life Golden Years,5000000,15,Samesh Deshpande,False
LIFE-524720,Yagnesh Loyal,43,Whole Life,HDFC Life,HDFC Life Permanent Shield,500000,30,Ayushman Varghese,False
LIFE-184545,Samar Karnik,41,Endowment,ICICI Pru Life,ICICI Pru Life Golden Years,1000000,25,Wazir Minhas,False
LIFE-937596,Tanvi Dugar,35,Whole Life,ICICI Pru Life,ICICI Pru Life Permanent Shield,500000,10,Fitan Parikh,False
LIFE-294021,Maanav Som,22,Term Plan,SBI Life,SBI Life Secure Future,1000000,10,Kalpit Mahal,False
LIFE-963345,Radhika Deshpande,33,Whole Life,LIC,LIC Lifetime Cover,500000,30,Tarak Gara,False
LIFE-160965,Yashodhara Vasa,66,Whole Life,HDFC Life,HDFC Life Permanent Shield,2000000,25,Xiti Ahuja,False
LIFE-355065,Indali Sood,64,Term Plan,SBI Life,SBI Life Shield Plan,1000000,10,Chaaya Dyal,False
LIFE-358842,Zehaan Tiwari,38,Whole Life,ICICI Pru Life,ICICI Pru Life Permanent Shield,2000000,30,Vrishti Chander,False
LIFE-345442,Logan Tella,68,Whole Life,HDFC Life,HDFC Life Permanent Shield,2000000,30,Wakeeta Goswami,False
LIFE-614455,Yashasvi Rattan,63,Whole Life,LIC,LIC Permanent Shield,500000,30,Maanav Chanda,False
LIFE-979322,Ria Basak,51,Whole Life,Max Life,Max Life Lifetime Cover,5000000,15,Ranbir Thaker,False
LIFE-502718,Ishanvi Gour,28,Endowment,ICICI Pru Life,ICICI Pru Life Wealth Builder,1000000,25,Azad Chawla,True
LIFE-287226,Megha Ghose,70,Whole Life,ICICI Pru Life,ICICI Pru Life Forever Secure,500000,20,Fariq Agrawal,False
LIFE-570232,Yatan Varty,28,Term Plan,LIC,LIC Term Elite,2000000,15,Yasti Bhargava,False
LIFE-827253,Tanveer Narayanan,45,Whole Life,Max Life,Max Life Forever Secure,2000000,15,Andrew Hegde,False
LIFE-449414,Riya Jaggi,27,Term Plan,ICICI Pru Life,ICICI Pru Life Term Elite,500000,10,Hemal More,False
LIFE-333681,Veda Deo,31,Term Plan,ICICI Pru Life,ICICI Pru Life Shield Plan,1000000,30,Yochana Dhar,False
LIFE-481969,Charan Rattan,66,Endowment,HDFC Life,HDFC Life Money Back Plus,2000000,10,Omisha Dutt,False
LIFE-437940,Tara Nayak,33,Whole Life,HDFC Life,HDFC Life Forever Secure,5000000,10,Atharv Memon,False
LIFE-799693,Kamala Borra,57,Whole Life,LIC,LIC Permanent Shield,2000000,20,Jeet Bali,False
LIFE-925252,Gaurangi Nigam,67,Whole Life,HDFC Life,HDFC Life Forever Secure,5000000,10,Advaith Grewal,False
LIFE-940760,Aarav Mitra,54,Endowment,Max Life,Max Life Money Back Plus,5000000,20,Girik Raj,False
LIFE-179562,Teerth Ratti,33,Whole Life,ICICI Pru Life,ICICI Pru Life Permanent Shield,1000000,20,Yatan Sathe,True
LIFE-580912,Yauvani Kumar,67,Term Plan,SBI Life,SBI Life Secure Future,500000,30,Orinder Srinivas,False
LIFE-452540,Azad Puri,53,Term Plan,Max Life,Max Life Secure Future,500000,25,Dev Basu,False
LIFE-763538,Orinder Guha,21,Term Plan,ICICI Pru Life,ICICI Pru Life Secure Future,2000000,10,Brijesh Menon,False
LIFE-665504,Shivansh Batta,61,Whole Life,LIC,LIC Permanent Shield,1000000,20,Urvi Ganesan,False
LIFE-622145,Jeet Narula,23,Whole Life,ICICI Pru Life,ICICI Pru Life Forever Secure,5000000,20,Ikshita Bhat,False
LIFE-524766,Libni Soman,22,Endowment,HDFC Life,HDFC Life Wealth Builder,5000000,25,Harish Pandya,False
LIFE-227293,Frado Sama,35,Term Plan,HDFC Life,HDFC Life Term Elite,5000000,25,Chameli Choudhary,False
LIFE-838304,Lakshmi Banerjee,50,Endowment,HDFC Life,HDFC Life Wealth Builder,500000,15,Triveni Kakar,False
LIFE-847676,Nisha Shankar,20,Endowment,Max Life,Max Life Money Back Plus,2000000,10,Yoshita Wali,False
LIFE-597389,Vihaan Venkataraman,62,Whole Life,ICICI Pru Life,ICICI Pru Life Lifetime Cover,1000000,30,Widisha Bhattacharyya,False
LIFE-765959,Warda Karan,42,Term Plan,SBI Life,SBI Life Secure Future,500000,25,Brinda Pant,True
LIFE-185689,Triveni Yohannan,46,Term Plan,ICICI Pru Life,ICICI Pru Life Secure Future,500000,30,Vamakshi Krishnamurthy,False
LIFE-426944,Lakshmi Dutta,57,Endowment,Max Life,Max Life Wealth Builder,500000,20,Yauvani Chakraborty,False
LIFE-267951,Noah Bhalla,53,Term Plan,Max Life,Max Life Term Elite,2000000,25,Chavvi Dewan,False
LIFE-195027,Deepa Dara,45,Endowment,HDFC Life,HDFC Life Money Back Plus,500000,10,Vrinda Majumdar,False
LIFE-663262,Andrew Raval,30,Term Plan,HDFC Life,HDFC Life Secure Future,2000000,10,Chaaya Sarraf,False
LIFE-112890,Kashvi Varma,46,Term Plan,Max Life,Max Life Term Elite,5000000,15,Reva Patla,False
LIFE-593174,Logan Das,33,Whole Life,Max Life,Max Life Forever Secure,5000000,30,Waida Datta,False
LIFE-542063,Ati Parmar,30,Whole Life,ICICI Pru Life,ICICI Pru Life Permanent Shield,2000000,15,Indira Magar,False
LIFE-473416,Rehaan Palan,52,Endowment,ICICI Pru Life,ICICI Pru Life Wealth Builder,1000000,20,Urmi Jani,True
LIFE-942030,Ucchal Salvi,22,Whole Life,HDFC Life,HDFC Life Lifetime Cover,2000000,25,Vivaan Narula,False
LIFE-824186,Chandresh Wali,56,Endowment,Max Life,Max Life Money Back Plus,2000000,15,Owen Datta,True
LIFE-183738,Zashil Wason,59,Whole Life,SBI Life,SBI Life Permanent Shield,5000000,10,Bachittar Kapadia,False
LIFE-578809,Caleb Rau,52,Term Plan,Max Life,Max Life Life Protect,2000000,10,Wakeeta Verma,False
LIFE-905957,Jacob Setty,21,Endowment,LIC,LIC Savings Plan,2000000,10,Urishilla Dhawan,False
LIFE-828415,Karan Khanna,60,Term Plan,LIC,LIC Secure Future,1000000,25,Damyanti Gokhale,False
LIFE-670079,Jason Srinivas,24,Endowment,SBI Life,SBI Life Golden Years,1000000,30,Jacob Mannan,False
LIFE-863864,Bhavika Nagarajan,33,Endowment,LIC,LIC Money Back Plus,500000,25,Shivani Menon,True
LIFE-756696,Hemangini Sheth,49,Endowment,HDFC Life,HDFC Life Savings Plan,500000,15,Oeshi Raman,False
LIFE-986054,Lipika Majumdar,30,Whole Life,ICICI Pru Life,ICICI Pru Life Permanent Shield,500000,25,Qasim Wable,False
LIFE-799788,Samesh Bera,36,Whole Life,LIC,LIC Lifetime Cover,500000,25,Harsh Andra,False
LIFE-806029,Jagdish Arya,31,Whole Life,SBI Life,SBI Life Forever Secure,1000000,30,Reyansh Dutt,False
LIFE-581461,Finn Khalsa,37,Term Plan,Max Life,Max Life Life Protect,1000000,10,Onkar Bahri,False
LIFE-890114,Victor Nadkarni,63,Whole Life,LIC,LIC Forever Secure,500000,25,Anthony Kapoor,False
LIFE-229467,Anmol Dass,55,Term Plan,Max Life,Max Life Term Elite,500000,30,Yatin Badal,False
LIFE-210043,Samar Chaudhry,67,Term Plan,SBI Life,SBI Life Shield Plan,500000,15,Ayushman Din,False
LIFE-381903,Udarsh Korpal,39,Endowment,HDFC Life,HDFC Life Golden Years,500000,25,Ryan Sastry,False
LIFE-359744,Yashasvi Prashad,66,Endowment,HDFC Life,HDFC Life Savings Plan,2000000,25,Rehaan Mammen,False
LIFE-322875,Lucky Wali,46,Term Plan,LIC,LIC Term Elite,1000000,20,Xalak Behl,False
LIFE-234471,Falguni Hegde,32,Endowment,SBI Life,SBI Life Savings Plan,2000000,15,Hredhaan Gandhi,True
LIFE-768192,Riya Sami,64,Whole Life,LIC,LIC Permanent Shield,5000000,20,Ikbal Kapadia,False
LIFE-837600,Gautam Radhakrishnan,58,Endowment,LIC,LIC Money Back Plus,2000000,30,Girish Wali,False
LIFE-328352,Praneel Karpe,26,Whole Life,LIC,LIC Forever Secure,1000000,20,Gagan Koshy,False
LIFE-846874,Gaurangi Dua,56,Term Plan,Max Life,Max Life Secure Future,1000000,30,Gaurang Misra,False
LIFE-185027,Damyanti Savant,57,Whole Life,ICICI Pru Life,ICICI Pru Life Permanent Shield,1000000,20,Reyansh Ganesh,False
LIFE-624200,Bhanumati Parsa,26,Term Plan,SBI Life,SBI Life Secure Future,2000000,25,Daniel Sane,True
LIFE-280545,Sara Gaba,20,Term Plan,Max Life,Max Life Shield Plan,1000000,30,Mitesh Kala,False
LIFE-940144,Samaksh Gandhi,36,Whole Life,LIC,LIC Forever Secure,500000,15,Hredhaan Hans,False
LIFE-641654,Lohit Apte,22,Term Plan,HDFC Life,HDFC Life Term Elite,500000,25,Chandani Sane,False
LIFE-237928,Noah Oommen,62,Term Plan,SBI Life,SBI Life Life Protect,1000000,10,Jagrati Som,False
LIFE-613811,Aachal Deshpande,32,Endowment,ICICI Pru Life,ICICI Pru Life Money Back Plus,5000000,10,Girik Walia,False
LIFE-749359,Shivani Balakrishnan,30,Endowment,LIC,LIC Golden Years,1000000,15,Rishi Mohan,True
LIFE-596161,Banjeet Chowdhury,23,Whole Life,ICICI Pru Life,ICICI Pru Life Forever Secure,1000000,30,Yatan Deo,False
LIFE-381245,Yashawini Aggarwal,48,Whole Life,ICICI Pru Life,ICICI Pru Life Lifetime Cover,5000000,20,Ijaya Dubey,False
LIFE-800795,Chavvi Shukla,29,Whole Life,HDFC Life,HDFC Life Forever Secure,1000000,25,Indali Chaudry,False
LIFE-482303,Aditya Cherian,41,Endowment,ICICI Pru Life,ICICI Pru Life Savings Plan,1000000,20,Ethan Bedi,False
LIFE-299281,Amrita Reddy,20,Term Plan,HDFC Life,HDFC Life Term Elite,5000000,25,Umang Chaudhary,False
LIFE-417940,Ekavir Gour,23,Term Plan,LIC,LIC Shield Plan,2000000,15,Gabriel Patil,False
LIFE-866588,Gautami Oza,59,Endowment,ICICI Pru Life,ICICI Pru Life Golden Years,500000,25,Lavanya Sangha,False
LIFE-833596,Hiral Naik,61,Endowment,ICICI Pru Life,ICICI Pru Life Savings Plan,2000000,20,Dalbir Sani,False
LIFE-505979,Ria Verma,59,Whole Life,Max Life,Max Life Forever Secure,1000000,30,Eesha Kalla,False
LIFE-415689,Vinaya Anne,64,Endowment,ICICI Pru Life,ICICI Pru Life Wealth Builder,5000000,10,Laksh Pai,False
LIFE-182865,Geetika Khanna,54,Term Plan,Max Life,Max Life Life Protect,500000,10,Advaith Madan,False
LIFE-739635,Libni Barman,20,Whole Life,HDFC Life,HDFC Life Lifetime Cover,2000000,25,Ojas Khurana,False
LIFE-644812,Abdul Srinivasan,46,Term Plan,HDFC Life,HDFC Life Term Elite,500000,10,Xalak Suresh,False
LIFE-171248,Eiravati Ratta,57,Term Plan,ICICI Pru Life,ICICI Pru Life Secure Future,500000,25,Amol Saha,False
LIFE-716508,Chaitaly Sachdev,64,Endowment,Max Life,Max Life Money Back Plus,500000,20,Xalak Sengupta,False
LIFE-719699,Darpan Palan,46,Endowment,SBI Life,SBI Life Money Back Plus,500000,30,Chavvi Sangha,False
LIFE-572768,Chaman Gopal,55,Term Plan,SBI Life,SBI Life Shield Plan,500000,10,Dev Sangha,False
LIFE-497729,Harinakshi Tara,22,Whole Life,Max Life,Max Life Forever Secure,2000000,15,Chasmum Balakrishnan,False
LIFE-388071,Pavani Kara,59,Term Plan,HDFC Life,HDFC Life Shield Plan,5000000,15,Yug Wason,True
LIFE-476030,Bakhshi Varty,35,Whole Life,SBI Life,SBI Life Lifetime Cover,500000,30,Charita Venkatesh,False
LIFE-367247,Brijesh Sheth,52,Whole Life,HDFC Life,HDFC Life Permanent Shield,500000,30,Kabir Dhawan,False
LIFE-339815,Ira Sachdev,25,Endowment,Max Life,Max Life Money Back Plus,2000000,25,Samaksh Ram,False
LIFE-841537,Ijaya Bhasin,23,Term Plan,LIC,LIC Term Elite,2000000,30,Nitesh Rau,False
LIFE-927660,Saumya Dar,33,Whole Life,SBI Life,SBI Life Forever Secure,5000000,15,Udarsh Mammen,False
LIFE-901244,Jonathan Bandi,39,Term Plan,Max Life,Max Life Secure Future,500000,10,Praneel Gera,False
LIFE-166106,Raghav Sundaram,55,Endowment,LIC,LIC Savings Plan,2000000,30,Sai Banik,False
LIFE-817390,Upasna Bail,20,Whole Life,SBI Life,SBI Life Lifetime Cover,5000000,25,Akshay Sundaram,False
LIFE-531738,Devika Lala,35,Term Plan,LIC,LIC Term Elite,500000,15,Viraj Chad,False
LIFE-269873,Janani Mittal,25,Endowment,SBI Life,SBI Life Savings Plan,5000000,25,Ria Grover,False
LIFE-162470,Hiral Suresh,43,Term Plan,LIC,LIC Life Protect,1000000,20,Maanav Pall,False
LIFE-359305,Rajeshri Gade,70,Term Plan,ICICI Pru Life,ICICI Pru Life Term Elite,1000000,10,Aditya Gill,False
LIFE-983807,Sara Mall,54,Endowment,ICICI Pru Life,ICICI Pru Life Wealth Builder,2000000,25,Gaurang Oak,False
LIFE-446577,Dominic Deol,54,Endowment,Max Life,Max Life Golden Years,1000000,10,Wazir Majumdar,False
LIFE-826628,Isha Luthra,27,Endowment,HDFC Life,HDFC Life Savings Plan,2000000,25,Kamala Kapadia,False
LIFE-976103,Anusha Walla,65,Endowment,Max Life,Max Life Wealth Builder,5000000,20,Rushil Sethi,False
LIFE-500809,Chatresh Karpe,68,Whole Life,ICICI Pru Life,ICICI Pru Life Lifetime Cover,5000000,30,George Kumar,False
LIFE-882203,Nitara Baria,60,Endowment,ICICI Pru Life,ICICI Pru Life Savings Plan,500000,30,Bina Sharaf,False
LIFE-341802,Bakhshi Wali,45,Whole Life,LIC,LIC Permanent Shield,2000000,25,Omya Chanda,True
LIFE-175672,Arunima De,21,Whole Life,HDFC Life,HDFC Life Permanent Shield,5000000,10,Zayyan Manda,False
LIFE-533177,Ikshita Ganesh,58,Term Plan,Max Life,Max Life Life Protect,1000000,10,Kevin Raja,False
LIFE-499773,Dhriti Ratta,24,Term Plan,Max Life,Max Life Shield Plan,5000000,15,Aachal Gaba,True
LIFE-493320,Gagan Dewan,62,Endowment,ICICI Pru Life,ICICI Pru Life Wealth Builder,2000000,15,Utkarsh Bhakta,True
LIFE-428655,Zarna Rama,68,Endowment,SBI Life,SBI Life Money Back Plus,1000000,25,Vinaya Khalsa,False
LIFE-531631,Oliver Pall,21,Endowment,SBI Life,SBI Life Wealth Builder,2000000,25,Ishanvi Krish,False
LIFE-944216,Aditya Kunda,30,Term Plan,SBI Life,SBI Life Life Protect,2000000,15,Kavya Tailor,False
LIFE-815056,Krish Panchal,48,Endowment,LIC,LIC Golden Years,1000000,20,Avi Thaker,False
LIFE-149063,Krisha Khanna,57,Endowment,HDFC Life,HDFC Life Wealth Builder,500000,15,Dominic Sen,False
LIFE-202286,Gunbir Pal,68,Endowment,HDFC Life,HDFC Life Savings Plan,1000000,25,Mekhala Khatri,False
LIFE-535177,Ishaan Savant,52,Term Plan,Max Life,Max Life Term Elite,1000000,25,Nicholas Rege,False
LIFE-621441,Jhalak Guha,41,Whole Life,HDFC Life,HDFC Life Forever Secure,1000000,10,Yachana Modi,True
LIFE-119272,Ubika Loke,54,Endowment,ICICI Pru Life,ICICI Pru Life Savings Plan,5000000,20,Yutika Taneja,False
LIFE-579698,Rudra Varughese,23,Term Plan,HDFC Life,HDFC Life Secure Future,1000000,15,Nirja Kota,False
LIFE-771028,Vasudha Gandhi,55,Term Plan,LIC,LIC Secure Future,5000000,10,Jagat Bahl,False
LIFE-404063,Rudra Barman,46,Endowment,Max Life,Max Life Money Back Plus,2000000,30,Laban Dass,False
LIFE-861742,Meghana Borde,55,Whole Life,Max Life,Max Life Forever Secure,2000000,25,Janani Verma,False
LIFE-558993,Chasmum Parmer,54,Term Plan,SBI Life,SBI Life Term Elite,2000000,30,Jatin Ram,False
LIFE-205339,Tamanna Kaur,29,Term Plan,LIC,LIC Life Protect,2000000,15,Indira Chowdhury,False
LIFE-314332,Ekani Sarraf,41,Whole Life,HDFC Life,HDFC Life Forever Secure,500000,10,Indali Guha,False
LIFE-207383,Yochana Guha,69,Endowment,Max Life,Max Life Golden Years,5000000,30,Anvi Gulati,False
LIFE-773556,Advika Sama,41,Whole Life,HDFC Life,HDFC Life Permanent Shield,1000000,20,Ethan Chokshi,False
LIFE-302701,Zarna Bhagat,22,Term Plan,SBI Life,SBI Life Secure Future,500000,10,Hemal Deep,False
LIFE-467891,Rudra Gala,47,Endowment,SBI Life,SBI Life Money Back Plus,1000000,25,Jacob Patla,False
LIFE-773331,Chandran Ramanathan,54,Term Plan,Max Life,Max Life Secure Future,1000000,30,Oviya Dyal,False
LIFE-518094,Yochana Balan,45,Endowment,SBI Life,SBI Life Savings Plan,5000000,20,Garima Wali,False
LIFE-159137,Raghav Patil,43,Term Plan,Max Life,Max Life Secure Future,5000000,20,Isaac Gola,False
LIFE-601914,Hemangini Sarkar,42,Term Plan,LIC,LIC Term Elite,500000,20,Darsh Gala,False
LIFE-457469,Manbir Venkataraman,49,Whole Life,SBI Life,SBI Life Lifetime Cover,1000000,30,Darsh Wason,False
LIFE-540491,Upkaar Walia,26,Term Plan,ICICI Pru Life,ICICI Pru Life Life Protect,2000000,15,Chatura Hegde,False
LIFE-456426,Megha Gupta,20,Whole Life,Max Life,Max Life Permanent Shield,2000000,15,Waida Nigam,False
LIFE-684922,Falak Upadhyay,66,Endowment,LIC,LIC Wealth Builder,5000000,20,Zarna Gokhale,False
LIFE-834353,Chaitaly Reddy,22,Term Plan,Max Life,Max Life Term Elite,5000000,10,Tara Sekhon,False
LIFE-992115,Shaurya Gaba,20,Term Plan,ICICI Pru Life,ICICI Pru Life Secure Future,5000000,25,Girik Warrior,False
LIFE-839809,Ira Bansal,53,Whole Life,Max Life,Max Life Lifetime Cover,2000000,20,Divya Parmar,False
LIFE-498536,Adweta Sarraf,51,Term Plan,LIC,LIC Shield Plan,2000000,25,Girindra Agate,False
LIFE-883206,Bimala Buch,60,Term Plan,SBI Life,SBI Life Life Protect,5000000,10,Falguni Pathak,True
LIFE-447423,Warinder Bhargava,35,Whole Life,LIC,LIC Lifetime Cover,5000000,20,Gauri Sawhney,False
LIFE-774019,Anjali Iyengar,22,Endowment,SBI Life,SBI Life Golden Years,5000000,15,Sathvik Shan,False
LIFE-388886,Jackson Wadhwa,62,Endowment,LIC,LIC Golden Years,5000000,20,Neha Prabhakar,False
LIFE-405591,Kabir Borde,56,Term Plan,LIC,LIC Secure Future,500000,20,Aryan Maharaj,False
LIFE-154986,Zayyan Tank,67,Whole Life,HDFC Life,HDFC Life Permanent Shield,5000000,20,Bhavika Seshadri,True
LIFE-933598,Hritik Baria,49,Endowment,SBI Life,SBI Life Money Back Plus,5000000,15,Ekantika Rai,True
LIFE-505901,Caleb Arya,23,Endowment,HDFC Life,HDFC Life Wealth Builder,500000,10,Dhriti Tank,False
LIFE-976638,Falguni Dugal,68,Endowment,Max Life,Max Life Golden Years,1000000,30,Ishwar Kibe,False
LIFE-965536,Charan Banerjee,42,Endowment,Max Life,Max Life Money Back Plus,1000000,25,Girik Kaur,False
LIFE-289361,Chakrika Koshy,26,Endowment,Max Life,Max Life Savings Plan,2000000,10,Vanya Sandhu,False
LIFE-786828,Udant Om,51,Endowment,ICICI Pru Life,ICICI Pru Life Golden Years,1000000,30,Kalpit Mukhopadhyay,False
LIFE-710632,Ati Som,42,Term Plan,SBI Life,SBI Life Term Elite,5000000,15,Agastya Parmer,False
LIFE-835148,Wriddhish De,63,Term Plan,HDFC Life,HDFC Life Life Protect,2000000,10,Brijesh Venkatesh,False
LIFE-300979,Reva Varghese,70,Whole Life,HDFC Life,HDFC Life Forever Secure,500000,20,Radhika Ranganathan,False
LIFE-789791,Rehaan Baral,37,Endowment,LIC,LIC Savings Plan,500000,20,Indira Sood,False
LIFE-189098,Robert Devan,30,Endowment,Max Life,Max Life Savings Plan,1000000,25,Umang Shan,False
LIFE-238158,Orinder Oza,39,Term Plan,SBI Life,SBI Life Life Protect,1000000,10,Zaid Salvi,True
LIFE-525297,Kashish Tara,69,Term Plan,LIC,LIC Life Protect,1000000,10,Geetika Sankar,False
LIFE-648586,Vinaya Boase,40,Term Plan,ICICI Pru Life,ICICI Pru Life Term Elite,1000000,15,Kamya Batta,False
LIFE-858054,Gopal Bhalla,51,Endowment,Max Life,Max Life Golden Years,2000000,10,Champak Bhatt,False
LIFE-609586,Raghav Johal,34,Term Plan,LIC,LIC Shield Plan,5000000,20,Viraj Sarma,False
LIFE-595035,Gagan Lalla,36,Endowment,Max Life,Max Life Savings Plan,5000000,15,Jhalak Khatri,False
LIFE-493496,Zinal Chada,55,Endowment,ICICI Pru Life,ICICI Pru Life Savings Plan,2000000,25,Kiaan Chandra,False
LIFE-860028,Michael Guha,38,Term Plan,HDFC Life,HDFC Life Life Protect,2000000,15,Benjamin Chakrabarti,False
LIFE-412634,Vasudha Wali,51,Endowment,Max Life,Max Life Money Back Plus,1000000,30,Mohini Tailor,False
LIFE-579656,Farhan Menon,38,Endowment,Max Life,Max Life Money Back Plus,1000000,30,Triveni Kaur,False
LIFE-754952,Gayathri Bera,57,Term Plan,SBI Life,SBI Life Term Elite,2000000,30,Krisha Aggarwal,True
LIFE-798048,Patrick Hari,34,Term Plan,SBI Life,SBI Life Shield Plan,5000000,30,Rushil Morar,False
LIFE-611586,Pavani Dutta,62,Endowment,SBI Life,SBI Life Savings Plan,1000000,10,Ethan Vohra,False
LIFE-407694,Udant Amble,41,Endowment,HDFC Life,HDFC Life Golden Years,1000000,10,Prisha Varma,False
LIFE-990917,Gabriel Varkey,40,Whole Life,LIC,LIC Lifetime Cover,500000,25,Kavya Hari,False
LIFE-813825,Samarth Tiwari,20,Endowment,HDFC Life,HDFC Life Money Back Plus,5000000,25,Ishaan Maharaj,True
LIFE-969906,Nathan Vasa,35,Whole Life,ICICI Pru Life,ICICI Pru Life Forever Secure,500000,30,Pooja Chaudhuri,False
LIFE-398869,Udyati Hayre,48,Term Plan,Max Life,Max Life Shield Plan,5000000,10,Inaya Sankar,False
LIFE-795425,Jeet Dubey,27,Endowment,SBI Life,SBI Life Wealth Builder,2000000,10,Alexander Pillai,True
LIFE-757916,Sathvik Thaman,35,Term Plan,LIC,LIC Secure Future,1000000,15,Yochana Lal,True
LIFE-537776,Madhav Ramaswamy,47,Endowment,HDFC Life,HDFC Life Wealth Builder,500000,20,Udyati Anne,False
LIFE-983136,Zinal Apte,59,Whole Life,ICICI Pru Life,ICICI Pru Life Forever Secure,2000000,15,Aarush Sharma,False
LIFE-133316,Mitali Tandon,68,Whole Life,LIC,LIC Forever Secure,5000000,10,Gagan Mani,False
LIFE-736405,Raksha Dube,61,Whole Life,Max Life,Max Life Permanent Shield,2000000,10,Imaran Roy,False
LIFE-609127,Ekanta Ravel,36,Endowment,LIC,LIC Golden Years,2000000,30,Suhani Zachariah,False
LIFE-545643,Banjeet Borra,40,Endowment,Max Life,Max Life Savings Plan,1000000,10,Avi Sura,False
LIFE-599845,Jhalak Patil,70,Endowment,SBI Life,SBI Life Golden Years,500000,30,Teerth Bhavsar,False
LIFE-710973,Ishaan Mandal,64,Whole Life,Max Life,Max Life Forever Secure,2000000,10,Max Edwin,False
LIFE-312900,Tarak Sarna,61,Endowment,LIC,LIC Wealth Builder,5000000,10,Bhavna Nagarajan,False
LIFE-231707,Ethan Randhawa,57,Term Plan,SBI Life,SBI Life Shield Plan,2000000,15,Pushti Bakshi,False
LIFE-849407,Manthan Mammen,59,Term Plan,SBI Life,SBI Life Term Elite,5000000,30,Abhiram Singhal,False
LIFE-957887,Alka Chaudry,45,Whole Life,SBI Life,SBI Life Forever Secure,500000,25,Krishna Badal,False
LIFE-656598,Joshua Babu,66,Term Plan,SBI Life,SBI Life Shield Plan,2000000,20,Hema Puri,True
LIFE-485954,Aachal Sanghvi,45,Whole Life,Max Life,Max Life Forever Secure,500000,30,Krishna Sundaram,False
LIFE-464349,Radhika Goswami,27,Endowment,HDFC Life,HDFC Life Money Back Plus,500000,10,Aradhana Nazareth,True
LIFE-705010,Ridhi Sant,36,Endowment,ICICI Pru Life,ICICI Pru Life Money Back Plus,5000000,30,Sai Oommen,False
LIFE-234403,Jagat Pandya,53,Term Plan,Max Life,Max Life Life Protect,2000000,15,Vaishnavi Sahota,False
LIFE-264214,Faras Sahni,65,Whole Life,HDFC Life,HDFC Life Permanent Shield,500000,30,Ayush Prabhakar,False
LIFE-383328,Chandresh Dada,44,Endowment,HDFC Life,HDFC Life Money Back Plus,2000000,20,Harish Lad,False
LIFE-945299,Falak Sandhu,46,Endowment,Max Life,Max Life Golden Years,2000000,10,Devansh Rajagopalan,False
LIFE-772642,Garima Bhatnagar,58,Term Plan,LIC,LIC Life Protect,2000000,25,Ekantika Chokshi,False
LIFE-163710,Maya Solanki,27,Term Plan,Max Life,Max Life Shield Plan,1000000,20,Isaiah Raman,False
LIFE-453372,Vrishti Borde,24,Endowment,SBI Life,SBI Life Wealth Builder,1000000,15,Turvi Jaggi,False
LIFE-988070,Warhi Bera,58,Endowment,LIC,LIC Wealth Builder,1000000,10,Xiti Sabharwal,False
LIFE-589986,Yutika Varughese,66,Term Plan,ICICI Pru Life,ICICI Pru Life Term Elite,5000000,20,Sarthak Kamdar,False
LIFE-628788,Chakradhar Viswanathan,27,Whole Life,Max Life,Max Life Forever Secure,500000,10,Yashica Hora,False
LIFE-815281,Samesh Arora,65,Endowment,HDFC Life,HDFC Life Savings Plan,5000000,30,Rachana Shukla,False
LIFE-476452,Chavvi Choudhry,33,Term Plan,HDFC Life,HDFC Life Life Protect,500000,10,Yamini Ganesan,False
LIFE-319605,Kavya Grover,59,Whole Life,SBI Life,SBI Life Forever Secure,5000000,10,Avi Tata,True
LIFE-964264,Lakshmi Modi,40,Whole Life,LIC,LIC Lifetime Cover,1000000,10,Triya Joshi,False
LIFE-658909,Riya Nori,40,Endowment,SBI Life,SBI Life Golden Years,500000,15,Dayita Srinivasan,False
LIFE-442539,Onveer Joshi,43,Whole Life,Max Life,Max Life Forever Secure,500000,10,Arin Hayer,False
LIFE-595085,Saanvi Dixit,39,Whole Life,Max Life,Max Life Forever Secure,1000000,10,Indrajit Krishnamurthy,True
LIFE-550282,Zaitra Parmer,20,Endowment,HDFC Life,HDFC Life Savings Plan,2000000,20,Yasti Dada,False
LIFE-724183,Neel Sangha,40,Whole Life,LIC,LIC Forever Secure,1000000,25,Sai Saha,False
LIFE-246771,Aarush Acharya,24,Endowment,Max Life,Max Life Wealth Builder,5000000,15,Bahadurjit Sangha,True
LIFE-107580,Nilima Chakraborty,34,Whole Life,ICICI Pru Life,ICICI Pru Life Forever Secure,1000000,15,Andrew Hari,False
LIFE-842359,Manya Gupta,36,Term Plan,HDFC Life,HDFC Life Term Elite,5000000,10,Urvi Dada,False
LIFE-216916,Patrick Mandal,45,Whole Life,LIC,LIC Forever Secure,2000000,30,Ati Sandal,False
LIFE-395083,Aashi Bhargava,26,Term Plan,Max Life,Max Life Term Elite,500000,30,Gayathri Banerjee,False
LIFE-956713,Oliver Bandi,36,Whole Life,HDFC Life,HDFC Life Lifetime Cover,5000000,30,Hamsini Apte,False
LIFE-597809,Eshana Madan,31,Term Plan,ICICI Pru Life,ICICI Pru Life Shield Plan,2000000,15,Gagan Iyer,False
LIFE-552202,Frado Pal,28,Term Plan,Max Life,Max Life Term Elite,1000000,10,Omaja Dhaliwal,False
LIFE-586527,Zansi Gupta,41,Term Plan,ICICI Pru Life,ICICI Pru Life Secure Future,5000000,15,Anamika Kuruvilla,False
LIFE-290214,Neha Goswami,31,Term Plan,SBI Life,SBI Life Shield Plan,2000000,25,Aarini Ganesh,False
LIFE-577430,Maya Nadkarni,36,Term Plan,SBI Life,SBI Life Term Elite,500000,15,Idika Raval,False
LIFE-353000,Amol Malhotra,26,Whole Life,SBI Life,SBI Life Lifetime Cover,2000000,10,Baljiwan Shetty,False
LIFE-521277,Sai Dutt,52,Term Plan,LIC,LIC Shield Plan,2000000,10,Girish Mangal,False
LIFE-972099,Faqid Varty,23,Endowment,LIC,LIC Wealth Builder,1000000,20,Amrita Chatterjee,False
LIFE-824447,Chaitaly Balan,37,Term Plan,ICICI Pru Life,ICICI Pru Life Shield Plan,500000,10,Logan Garde,False
LIFE-184995,Pushti Mohan,40,Endowment,ICICI Pru Life,ICICI Pru Life Savings Plan,2000000,25,Finn Kala,True
LIFE-318340,Christopher Ratta,48,Term Plan,HDFC Life,HDFC Life Secure Future,5000000,20,Warda Upadhyay,False
LIFE-756943,Zaitra Yohannan,68,Endowment,ICICI Pru Life,ICICI Pru Life Golden Years,2000000,15,Jeremiah Bala,False
LIFE-194854,Aryan Kumer,45,Term Plan,ICICI Pru Life,ICICI Pru Life Term Elite,5000000,25,Parth Chokshi,True
LIFE-781031,Ijaya Shetty,39,Whole Life,HDFC Life,HDFC Life Lifetime Cover,2000000,10,Rajeshri Ganesan,False
LIFE-820415,Neha Bora,35,Endowment,HDFC Life,HDFC Life Golden Years,1000000,20,Ishaan Suresh,True
LIFE-512080,Ranbir Datta,51,Endowment,HDFC Life,HDFC Life Wealth Builder,1000000,15,Ekani Mannan,False
LIFE-340879,Janaki Bajwa,58,Endowment,Max Life,Max Life Savings Plan,5000000,20,Ekalinga Kata,False
LIFE-172274,Zaid Koshy,51,Term Plan,LIC,LIC Secure Future,2000000,15,Vihaan Batta,False
LIFE-948966,Chatresh Bal,29,Endowment,ICICI Pru Life,ICICI Pru Life Savings Plan,2000000,20,Kiaan Ahuja,True
LIFE-759584,Saanvi Bala,46,Term Plan,Max Life,Max Life Life Protect,5000000,20,Amol Varghese,False
LIFE-366014,Thomas Panchal,69,Term Plan,SBI Life,SBI Life Shield Plan,5000000,30,Suhani Rai,False
LIFE-600789,Sanaya Kamdar,66,Whole Life,LIC,LIC Permanent Shield,2000000,10,Eiravati Koshy,False
LIFE-192999,Mahika Sachdev,60,Endowment,LIC,LIC Wealth Builder,500000,20,Balhaar Batta,False
LIFE-513868,Gautam Hayer,53,Endowment,ICICI Pru Life,ICICI Pru Life Golden Years,5000000,20,Qadim Sankar,False
LIFE-388486,Lipika Rattan,57,Endowment,LIC,LIC Golden Years,5000000,15,William Bains,False
LIFE-789217,Yauvani Vohra,70,Whole Life,Max Life,Max Life Permanent Shield,1000000,10,Frederick Kashyap,False
LIFE-672402,Falguni Kota,60,Whole Life,HDFC Life,HDFC Life Forever Secure,1000000,30,Aadi Gour,False
LIFE-776417,Hema Bhagat,29,Term Plan,ICICI Pru Life,ICICI Pru Life Secure Future,1000000,25,Mahika Bawa,False
LIFE-511405,Indrajit Dutt,68,Term Plan,HDFC Life,HDFC Life Life Protect,2000000,15,Henry Peri,False
LIFE-154733,Libni Murthy,24,Whole Life,LIC,LIC Forever Secure,500000,30,Aahana Kumer,False
LIFE-585196,Fitan Ramachandran,38,Endowment,ICICI Pru Life,ICICI Pru Life Money Back Plus,2000000,20,Eesha Batra,False
LIFE-383466,Banjeet Cherian,21,Whole Life,HDFC Life,HDFC Life Lifetime Cover,500000,25,Advaith Ahuja,True
LIFE-720018,Arunima Srivastava,36,Whole Life,ICICI Pru Life,ICICI Pru Life Permanent Shield,5000000,30,Abeer Tank,False
LIFE-451283,Janya Bose,65,Whole Life,HDFC Life,HDFC Life Forever Secure,2000000,20,Lila Salvi,False
LIFE-974813,Brinda Bakshi,41,Endowment,HDFC Life,HDFC Life Wealth Builder,1000000,15,Vedhika Mangal,False
LIFE-304183,Ubika Ranganathan,48,Whole Life,HDFC Life,HDFC Life Forever Secure,5000000,30,Aarini Kapadia,False
LIFE-442311,Jalsa Bala,34,Whole Life,LIC,LIC Lifetime Cover,2000000,15,Meghana Palla,True
LIFE-803697,Vansha Sura,30,Endowment,LIC,LIC Wealth Builder,500000,15,Atharv Ratta,False
LIFE-464166,Garima Sridhar,26,Term Plan,HDFC Life,HDFC Life Secure Future,500000,20,Unnati Hegde,False
LIFE-257751,Tamanna Bhardwaj,48,Endowment,ICICI Pru Life,ICICI Pru Life Wealth Builder,500000,30,Varenya Joshi,False
LIFE-202312,Watika Taneja,57,Endowment,ICICI Pru Life,ICICI Pru Life Savings Plan,500000,15,Ekanta Nagar,False
LIFE-683565,Upadhriti Manne,40,Endowment,ICICI Pru Life,ICICI Pru Life Savings Plan,2000000,20,Samaksh Naik,False
LIFE-809601,Isaiah Bal,41,Endowment,Max Life,Max Life Money Back Plus,5000000,30,Faqid Bava,False
LIFE-418822,Avni Kaul,26,Endowment,ICICI Pru Life,ICICI Pru Life Money Back Plus,1000000,15,Yadavi Barman,False
LIFE-778474,Orinder Yadav,59,Term Plan,HDFC Life,HDFC Life Secure Future,2000000,20,Tristan Samra,False
LIFE-617679,Ronith Master,30,Whole Life,ICICI Pru Life,ICICI Pru Life Lifetime Cover,5000000,20,Ojas Yohannan,False
LIFE-437124,Nachiket Saran,37,Term Plan,SBI Life,SBI Life Life Protect,5000000,15,Dakshesh Chowdhury,False
LIFE-496847,Rehaan Nayar,46,Term Plan,HDFC Life,HDFC Life Life Protect,2000000,15,Anay Ramaswamy,False
LIFE-917770,Ojasvi Karpe,34,Term Plan,LIC,LIC Secure Future,1000000,25,Krish Dâ€™Alia,False
LIFE-893297,Riya Jayaraman,21,Whole Life,ICICI Pru Life,ICICI Pru Life Forever Secure,5000000,30,Nirja Arya,False
LIFE-485682,Gaurangi Sharaf,47,Endowment,LIC,LIC Savings Plan,1000000,20,Bina Bains,False
LIFE-278185,Naksh Sidhu,46,Whole Life,LIC,LIC Lifetime Cover,500000,20,Yutika Seth,False
LIFE-596853,Manya Badami,69,Whole Life,HDFC Life,HDFC Life Permanent Shield,2000000,10,Girik Ramaswamy,True
LIFE-502391,Amruta Chadha,34,Whole Life,Max Life,Max Life Permanent Shield,2000000,15,Nitesh Kapoor,True
LIFE-179675,Jatin Badami,65,Term Plan,SBI Life,SBI Life Life Protect,1000000,10,Panini Sunder,False
LIFE-256909,Pratyush Bhasin,24,Term Plan,LIC,LIC Term Elite,5000000,30,Naksh Choudhary,False
LIFE-215580,Dipta Varty,23,Endowment,HDFC Life,HDFC Life Money Back Plus,1000000,20,Alka Bumb,False
LIFE-240577,Irya Goel,61,Whole Life,HDFC Life,HDFC Life Forever Secure,5000000,25,Raagini Kar,False
LIFE-691886,Bhavika Ravi,27,Whole Life,SBI Life,SBI Life Lifetime Cover,2000000,25,Osha Basak,True
LIFE-669674,Rajata Arya,66,Whole Life,ICICI Pru Life,ICICI Pru Life Lifetime Cover,5000000,30,Aarav Khalsa,True
LIFE-680491,Eta Gole,45,Term Plan,ICICI Pru Life,ICICI Pru Life Life Protect,2000000,25,Pahal More,False
LIFE-637937,Nathaniel Shukla,48,Whole Life,SBI Life,SBI Life Lifetime Cover,5000000,25,Krish Talwar,False
LIFE-843168,Veda Samra,55,Whole Life,Max Life,Max Life Lifetime Cover,500000,15,Yahvi Palla,False
LIFE-571598,Aarnav Chad,56,Term Plan,ICICI Pru Life,ICICI Pru Life Term Elite,500000,30,Aadi Thakur,False
LIFE-376105,Sachi Mandal,52,Endowment,Max Life,Max Life Savings Plan,2000000,20,Sudiksha Chhabra,True
LIFE-811948,Chaitaly Seth,38,Endowment,LIC,LIC Golden Years,500000,25,Manbir Anne,False
LIFE-126850,Rachit Shenoy,51,Term Plan,LIC,LIC Secure Future,2000000,20,Faraj Kade,False
LIFE-381016,Kala Chaudhari,67,Whole Life,LIC,LIC Permanent Shield,2000000,20,Neha Kant,False
LIFE-424030,Shivansh Sur,33,Term Plan,Max Life,Max Life Shield Plan,500000,20,Henry Kohli,False
LIFE-576849,Lekha Patel,57,Whole Life,HDFC Life,HDFC Life Lifetime Cover,2000000,25,Harrison Deo,False
LIFE-408288,Michael Cherian,24,Endowment,LIC,LIC Savings Plan,1000000,30,Jagvi Jhaveri,False
LIFE-383368,Upma Bala,56,Endowment,Max Life,Max Life Savings Plan,500000,15,Aradhana Das,False
LIFE-722065,Hamsini Baral,58,Whole Life,LIC,LIC Permanent Shield,2000000,20,Aarav Aurora,False
LIFE-168606,Laksh Gupta,20,Whole Life,SBI Life,SBI Life Forever Secure,1000000,20,Reyansh Wali,False
LIFE-739895,Osha Vaidya,69,Whole Life,LIC,LIC Forever Secure,1000000,15,Pratyush Nazareth,False
LIFE-499303,Jasmit Vyas,37,Whole Life,ICICI Pru Life,ICICI Pru Life Lifetime Cover,5000000,15,Hardik Subramaniam,False
LIFE-179930,Keya Sachdeva,61,Endowment,Max Life,Max Life Wealth Builder,5000000,20,Amrita Deep,False
LIFE-883583,Zaid Bala,66,Endowment,HDFC Life,HDFC Life Money Back Plus,1000000,25,Nitesh Chahal,False
LIFE-376279,Nandini Krishnan,53,Whole Life,SBI Life,SBI Life Lifetime Cover,1000000,10,Forum Narayanan,False
LIFE-839960,Chatresh Viswanathan,33,Endowment,Max Life,Max Life Savings Plan,5000000,10,Zilmil Jhaveri,False
LIFE-918935,Victor Gola,58,Endowment,LIC,LIC Money Back Plus,500000,30,Isha Chander,False
LIFE-448222,Eiravati Ben,48,Endowment,HDFC Life,HDFC Life Wealth Builder,5000000,25,Damini Bakshi,False
LIFE-877969,Nachiket Virk,29,Whole Life,SBI Life,SBI Life Lifetime Cover,500000,20,Udarsh Keer,False
LIFE-649517,Wazir Nath,22,Endowment,HDFC Life,HDFC Life Wealth Builder,500000,25,Saanvi Char,False
LIFE-288806,Anya Soman,30,Whole Life,SBI Life,SBI Life Forever Secure,2000000,30,Rachita Chandra,False
LIFE-413525,Anya Raman,42,Whole Life,HDFC Life,HDFC Life Permanent Shield,500000,25,Advika Kamdar,False
LIFE-998921,Wyatt Singh,44,Whole Life,HDFC Life,HDFC Life Permanent Shield,2000000,15,Turvi Pandya,False
LIFE-245636,Rayaan Trivedi,34,Endowment,LIC,LIC Savings Plan,500000,10,Nisha Babu,False
LIFE-396084,Dayita Krishnamurthy,38,Whole Life,ICICI Pru Life,ICICI Pru Life Lifetime Cover,500000,20,Tanvi Acharya,False
LIFE-711852,Unnati Grover,54,Whole Life,HDFC Life,HDFC Life Lifetime Cover,500000,30,Chandresh Chaudhry,False
LIFE-257980,Jackson Prabhu,70,Term Plan,Max Life,Max Life Life Protect,1000000,20,Tara Biswas,True
LIFE-370285,Ekalinga Halder,69,Endowment,ICICI Pru Life,ICICI Pru Life Savings Plan,1000000,15,Barkha Swaminathan,False
LIFE-696846,Laban Sinha,26,Whole Life,Max Life,Max Life Permanent Shield,1000000,15,Qabil Tak,True
LIFE-756394,Siddharth Gara,24,Whole Life,Max Life,Max Life Lifetime Cover,5000000,10,Anya Dada,False
LIFE-177289,Daksha Sinha,36,Whole Life,SBI Life,SBI Life Lifetime Cover,1000000,20,Samuel Raja,False
LIFE-512944,Dayita Vaidya,58,Endowment,HDFC Life,HDFC Life Golden Years,2000000,10,Tanvi Saxena,False
LIFE-650619,Raagini Hora,25,Endowment,Max Life,Max Life Golden Years,2000000,20,Mohini Sankaran,False
LIFE-333215,Pushti Kant,21,Whole Life,HDFC Life,HDFC Life Forever Secure,5000000,30,Anmol Sekhon,True
LIFE-709463,Mitesh Lall,65,Whole Life,Max Life,Max Life Permanent Shield,500000,20,Isaac Krishna,True
LIFE-411698,Ikshita Ratti,27,Endowment,ICICI Pru Life,ICICI Pru Life Wealth Builder,1000000,15,Patrick Bhalla,False
LIFE-472562,Indira Pandya,20,Endowment,ICICI Pru Life,ICICI Pru Life Money Back Plus,500000,25,Pallavi Iyengar,False
LIFE-710566,Jai Rastogi,29,Term Plan,SBI Life,SBI Life Shield Plan,1000000,30,Damyanti Tak,False
LIFE-829389,Mahika Bansal,25,Endowment,SBI Life,SBI Life Golden Years,1000000,25,Matthew Bedi,False
LIFE-830529,Udarsh Deep,55,Whole Life,LIC,LIC Permanent Shield,2000000,30,Widisha Yadav,False
LIFE-565186,Yug Rai,23,Whole Life,ICICI Pru Life,ICICI Pru Life Permanent Shield,5000000,20,Raghav Chowdhury,False
LIFE-860506,Aarush Sengupta,58,Term Plan,SBI Life,SBI Life Secure Future,2000000,25,Aarnav Dube,False
LIFE-277597,Vrishti Bajaj,49,Endowment,Max Life,Max Life Savings Plan,1000000,15,Avni Padmanabhan,False
LIFE-593596,Ati Bumb,38,Whole Life,SBI Life,SBI Life Forever Secure,500000,20,Urmi Sodhi,True
LIFE-968215,Sai Ranganathan,55,Whole Life,LIC,LIC Permanent Shield,5000000,15,Ati Bali,True
LIFE-596419,Kalpit Hora,38,Term Plan,SBI Life,SBI Life Term Elite,2000000,15,Anvi Gupta,True
LIFE-962572,Sachi Pal,26,Term Plan,LIC,LIC Term Elite,500000,20,Samaksh Taneja,False
LIFE-211422,Hemani Lal,49,Endowment,Max Life,Max Life Money Back Plus,1000000,15,Indira Lal,False
LIFE-261050,Aditya Kapur,70,Endowment,SBI Life,SBI Life Money Back Plus,5000000,10,Amaira Gade,False
LIFE-268577,Farhan Deshpande,47,Whole Life,Max Life,Max Life Forever Secure,2000000,25,Gunbir Vora,False
LIFE-756898,Zehaan Boase,43,Whole Life,LIC,LIC Permanent Shield,500000,25,Luke Gade,False
LIFE-433202,Oviya Kara,54,Whole Life,SBI Life,SBI Life Lifetime Cover,500000,15,Neelima Gulati,False
LIFE-825720,Ladli Bajaj,65,Whole Life,ICICI Pru Life,ICICI Pru Life Lifetime Cover,1000000,20,Anusha Menon,False
LIFE-693495,Upma Hayer,44,Whole Life,ICICI Pru Life,ICICI Pru Life Permanent Shield,500000,20,Chameli Nayar,False
LIFE-968575,Lila Agrawal,68,Whole Life,HDFC Life,HDFC Life Permanent Shield,2000000,15,Triveni Devan,False
LIFE-164813,Simon Bumb,28,Whole Life,HDFC Life,HDFC Life Forever Secure,1000000,15,Ucchal Sarna,True
LIFE-910002,Jeevika Basu,27,Endowment,ICICI Pru Life,ICICI Pru Life Wealth Builder,1000000,25,Hardik Nazareth,False
LIFE-327926,Reva Sahni,52,Term Plan,Max Life,Max Life Secure Future,1000000,30,Anya Babu,False
LIFE-993531,Edhitha Balasubramanian,54,Whole Life,HDFC Life,HDFC Life Permanent Shield,5000000,30,Urvashi Mann,False
LIFE-560071,Aadi Natt,57,Endowment,LIC,LIC Money Back Plus,5000000,20,Barkha More,False
LIFE-914327,Harish Dyal,47,Whole Life,Max Life,Max Life Permanent Shield,5000000,20,Eta Mani,False
LIFE-673064,Eiravati Anand,28,Term Plan,SBI Life,SBI Life Secure Future,1000000,25,Vasudha Aggarwal,False
LIFE-550443,Baghyawati Mand,20,Term Plan,HDFC Life,HDFC Life Term Elite,1000000,10,Jatin Hari,False
LIFE-721910,Ubika Tandon,59,Endowment,SBI Life,SBI Life Money Back Plus,1000000,15,Priya Chandra,True
LIFE-654719,Karan Bath,68,Term Plan,ICICI Pru Life,ICICI Pru Life Life Protect,1000000,15,Zayan Pandey,False
LIFE-387867,Ekalinga Kaul,30,Whole Life,HDFC Life,HDFC Life Forever Secure,5000000,20,Udyati Mahal,False
LIFE-567180,Pratyush Divan,63,Whole Life,Max Life,Max Life Lifetime Cover,2000000,10,Tanay Ravel,True
LIFE-966277,Lavanya Soni,42,Term Plan,Max Life,Max Life Term Elite,2000000,30,Vivaan Shenoy,False
LIFE-691032,Harsh Sachdeva,67,Whole Life,Max Life,Max Life Permanent Shield,2000000,10,Raghav Khurana,False
LIFE-360074,Fariq Misra,47,Term Plan,ICICI Pru Life,ICICI Pru Life Life Protect,500000,20,Devansh Basu,False
LIFE-153491,Warjas Cherian,21,Whole Life,HDFC Life,HDFC Life Permanent Shield,5000000,25,Anmol Naik,False
LIFE-248312,Samar Palan,69,Endowment,Max Life,Max Life Savings Plan,2000000,25,Tarak Khanna,True
LIFE-915029,Samaksh Dayal,50,Endowment,SBI Life,SBI Life Savings Plan,500000,30,Shivansh Kannan,False
LIFE-422915,Lohit Hegde,41,Term Plan,ICICI Pru Life,ICICI Pru Life Term Elite,5000000,20,Odika Salvi,False
LIFE-184132,Darsh Ahuja,46,Whole Life,Max Life,Max Life Permanent Shield,1000000,25,Darpan Lad,False
LIFE-821803,Faraj Jayaraman,42,Whole Life,Max Life,Max Life Forever Secure,2000000,15,Azad Tripathi,False
LIFE-748133,Unnati Ray,20,Endowment,ICICI Pru Life,ICICI Pru Life Golden Years,500000,30,Faras Sinha,False
LIFE-367082,Upadhriti Atwal,39,Whole Life,LIC,LIC Forever Secure,2000000,30,Eshana Kumar,False
LIFE-136089,Darika Arora,70,Whole Life,HDFC Life,HDFC Life Lifetime Cover,500000,20,Gagan Tara,True
LIFE-349765,Ira Badami,41,Endowment,HDFC Life,HDFC Life Savings Plan,2000000,20,Ronith Tak,False
LIFE-211465,Advika Bahri,20,Whole Life,HDFC Life,HDFC Life Lifetime Cover,500000,25,Arunima Bains,True
LIFE-999289,Aahana Ratti,38,Whole Life,ICICI Pru Life,ICICI Pru Life Lifetime Cover,500000,25,Oscar Tiwari,False
LIFE-152934,Robert Bhatt,44,Whole Life,HDFC Life,HDFC Life Forever Secure,2000000,30,Hredhaan Gaba,False
LIFE-915163,Vanya Mand,41,Endowment,LIC,LIC Golden Years,500000,25,Qushi Sen,False
LIFE-258794,Mekhala Halder,34,Whole Life,LIC,LIC Forever Secure,2000000,30,Advika Rama,False
LIFE-598438,Anusha Hari,28,Term Plan,HDFC Life,HDFC Life Term Elite,1000000,10,Akshay Balan,False
LIFE-207190,Liam Bhatnagar,34,Endowment,SBI Life,SBI Life Savings Plan,500000,30,Hardik Talwar,True
LIFE-818723,Sai Purohit,46,Whole Life,SBI Life,SBI Life Lifetime Cover,2000000,25,Guneet Aurora,False
LIFE-167887,Qasim Natarajan,33,Term Plan,ICICI Pru Life,ICICI Pru Life Shield Plan,2000000,10,Wakeeta Sankar,True
LIFE-525423,Frado Mand,30,Term Plan,LIC,LIC Term Elite,1000000,20,Chatresh Natarajan,False
LIFE-243590,Isaiah Kapadia,62,Term Plan,SBI Life,SBI Life Secure Future,500000,30,Dominic Deshmukh,False
LIFE-934841,Xiti Golla,60,Whole Life,ICICI Pru Life,ICICI Pru Life Permanent Shield,500000,15,Yatin Sant,False
LIFE-639542,Anay Keer,44,Whole Life,SBI Life,SBI Life Permanent Shield,5000000,10,Vidhi Cherian,False
LIFE-427507,Lohit Sundaram,66,Whole Life,ICICI Pru Life,ICICI Pru Life Permanent Shield,5000000,10,Nitara Talwar,False
LIFE-672479,Avni Mitter,52,Whole Life,HDFC Life,HDFC Life Permanent Shield,5000000,15,Kalpit Kala,False
LIFE-299291,Max Bhardwaj,49,Term Plan,Max Life,Max Life Shield Plan,500000,30,Sanya Prabhu,False
LIFE-626934,Lila Datta,26,Endowment,SBI Life,SBI Life Money Back Plus,500000,15,Ekaja Nori,True
LIFE-498229,Yuvraj Mittal,48,Term Plan,Max Life,Max Life Life Protect,2000000,15,Madhav Om,True
LIFE-100442,Darika Nair,40,Whole Life,LIC,LIC Forever Secure,500000,20,Krishna Patil,False
LIFE-278261,Akshay Kale,26,Whole Life,SBI Life,SBI Life Permanent Shield,500000,30,Ishani Grewal,False
LIFE-221304,Girish Lala,63,Term Plan,ICICI Pru Life,ICICI Pru Life Secure Future,5000000,25,Garima Mittal,True
LIFE-718160,Jack Sarraf,30,Whole Life,SBI Life,SBI Life Permanent Shield,2000000,10,Chatura Chawla,False
LIFE-900083,Zehaan Gole,41,Term Plan,ICICI Pru Life,ICICI Pru Life Shield Plan,500000,15,Vihaan Dara,False
LIFE-473083,Yahvi Ghose,30,Endowment,Max Life,Max Life Golden Years,2000000,10,Radha Raval,False
LIFE-457764,Dalbir Sawhney,70,Endowment,HDFC Life,HDFC Life Wealth Builder,500000,20,Sai Mitter,False
LIFE-906413,Raksha Konda,36,Whole Life,LIC,LIC Forever Secure,1000000,25,Rayaan Kumer,False
LIFE-625447,Orinder Bassi,24,Whole Life,LIC,LIC Permanent Shield,1000000,15,Wahab Parsa,False
LIFE-386376,Edhitha Joshi,51,Endowment,SBI Life,SBI Life Money Back Plus,1000000,30,Kiaan Dave,False
LIFE-179496,Utkarsh Wable,57,Term Plan,HDFC Life,HDFC Life Life Protect,500000,25,Madhav Sekhon,False
LIFE-987492,Rohan Mody,32,Term Plan,LIC,LIC Secure Future,2000000,20,Owen Wable,False
LIFE-285961,Ansh Om,23,Whole Life,LIC,LIC Forever Secure,5000000,25,Ekanta Talwar,False
LIFE-273479,Meghana Vyas,60,Whole Life,HDFC Life,HDFC Life Lifetime Cover,2000000,15,Faraj Subramaniam,True
LIFE-368328,Xavier Hayre,24,Endowment,Max Life,Max Life Wealth Builder,2000000,15,Quincy Butala,True
LIFE-487732,Darsh Singh,27,Whole Life,Max Life,Max Life Lifetime Cover,500000,30,Bakhshi Sethi,False
LIFE-855283,Ekani Ghosh,23,Whole Life,Max Life,Max Life Forever Secure,2000000,15,Krisha Tailor,False
LIFE-175669,Sathvik Bajwa,54,Endowment,ICICI Pru Life,ICICI Pru Life Wealth Builder,2000000,25,Jalsa Ganguly,False
LIFE-418578,Teerth Rattan,25,Endowment,HDFC Life,HDFC Life Golden Years,2000000,15,Divya Dhillon,True
LIFE-113843,Nisha Lad,63,Whole Life,LIC,LIC Permanent Shield,500000,10,Ojasvi Barman,False
LIFE-894617,Oni Nagarajan,50,Endowment,SBI Life,SBI Life Savings Plan,1000000,15,Sneha Atwal,False
LIFE-750416,Gagan Vyas,22,Term Plan,HDFC Life,HDFC Life Secure Future,500000,20,Kamya Buch,False
LIFE-728498,Ekbal Mand,26,Term Plan,Max Life,Max Life Secure Future,1000000,15,Christopher Hari,True
LIFE-738754,Tanish Bhardwaj,27,Endowment,HDFC Life,HDFC Life Wealth Builder,5000000,25,Radha Mand,False
LIFE-184282,Karan Bala,39,Term Plan,SBI Life,SBI Life Life Protect,1000000,30,Saanvi Parmer,False
LIFE-690557,Anya Jaggi,60,Term Plan,ICICI Pru Life,ICICI Pru Life Term Elite,2000000,30,Vrinda Natarajan,False
LIFE-581268,Orinder Ratta,63,Term Plan,Max Life,Max Life Life Protect,2000000,15,Ekalinga Master,False
LIFE-546727,Rajeshri Mander,37,Term Plan,LIC,LIC Term Elite,500000,15,Ganga Mahajan,True
LIFE-248242,Damini Agarwal,29,Term Plan,Max Life,Max Life Secure Future,2000000,15,Jack Singh,True
LIFE-688119,Baghyawati Sachar,29,Whole Life,SBI Life,SBI Life Permanent Shield,5000000,15,Meera Tak,True
LIFE-584728,Qadim Atwal,34,Term Plan,SBI Life,SBI Life Secure Future,2000000,25,Amrita Baral,False
LIFE-324959,Karan Sachar,31,Term Plan,SBI Life,SBI Life Term Elite,1000000,10,Dakshesh Vora,False
LIFE-145018,Saanvi Bath,47,Endowment,ICICI Pru Life,ICICI Pru Life Savings Plan,2000000,20,Pranav Bhatia,False
LIFE-198000,Jagdish Grover,68,Term Plan,ICICI Pru Life,ICICI Pru Life Term Elite,2000000,30,Falan Bhatnagar,True
LIFE-190962,Krishna Master,61,Endowment,SBI Life,SBI Life Money Back Plus,5000000,25,Owen Tak,True
LIFE-748599,Dakshesh Khatri,33,Term Plan,Max Life,Max Life Life Protect,2000000,20,Lakshmi Badami,False
LIFE-109484,Lekha Singhal,66,Endowment,Max Life,Max Life Savings Plan,1000000,30,Viraj Varkey,False
LIFE-479125,Owen Vyas,26,Endowment,HDFC Life,HDFC Life Savings Plan,1000000,15,Jagrati Dutta,False
LIFE-465827,Theodore Bhatnagar,47,Term Plan,ICICI Pru Life,ICICI Pru Life Secure Future,5000000,30,Chaman Sahota,False
LIFE-150604,Bahadurjit Choudhry,47,Endowment,HDFC Life,HDFC Life Wealth Builder,500000,25,Anya Kalla,False
LIFE-709824,Chandresh Ganesh,28,Endowment,HDFC Life,HDFC Life Savings Plan,2000000,30,Ubika Shah,False
LIFE-663463,Libni Mangat,43,Term Plan,SBI Life,SBI Life Life Protect,1000000,20,Zayan Palla,False
LIFE-158439,Vivaan Seshadri,37,Endowment,LIC,LIC Money Back Plus,1000000,30,Dev Verma,False
LIFE-398252,Yoshita Uppal,29,Endowment,LIC,LIC Savings Plan,1000000,30,Krish Bath,False
LIFE-337299,Zayyan Pillay,33,Endowment,Max Life,Max Life Wealth Builder,1000000,25,Jonathan Bhavsar,False
LIFE-289044,Chavvi Pall,42,Term Plan,LIC,LIC Secure Future,1000000,25,Watika Kashyap,False
LIFE-253408,Balvan Shanker,30,Whole Life,LIC,LIC Permanent Shield,5000000,30,Hitesh Kar,False
LIFE-577278,Luke Om,62,Whole Life,LIC,LIC Permanent Shield,1000000,20,Sai Issac,False
LIFE-803441,Yuvraj Bala,36,Endowment,ICICI Pru Life,ICICI Pru Life Wealth Builder,1000000,30,Oscar Babu,False
LIFE-354104,Hemani Bhardwaj,39,Whole Life,LIC,LIC Permanent Shield,500000,25,Pranav Kalla,False
LIFE-980741,Amruta Sami,29,Endowment,SBI Life,SBI Life Money Back Plus,5000000,15,Chasmum Kade,False
LIFE-148839,Jyoti Murthy,51,Term Plan,Max Life,Max Life Term Elite,500000,25,Tanveer Varma,False
LIFE-603285,Yutika Manda,23,Term Plan,LIC,LIC Shield Plan,5000000,30,Upasna Naidu,False
LIFE-612391,Siya Sachdev,52,Whole Life,ICICI Pru Life,ICICI Pru Life Lifetime Cover,500000,25,Pranav Sagar,False
LIFE-161256,Mekhala Dixit,52,Whole Life,LIC,LIC Lifetime Cover,5000000,10,Yatan Barman,False
LIFE-177150,Viraj Kala,42,Whole Life,LIC,LIC Forever Secure,5000000,20,Odika Thakkar,False
LIFE-137500,Sanaya Chana,36,Endowment,Max Life,Max Life Wealth Builder,5000000,15,Yauvani Dugal,False
LIFE-942462,Jeevika Bassi,58,Term Plan,ICICI Pru Life,ICICI Pru Life Term Elite,2000000,30,Maanav Aurora,False
LIFE-201649,Benjamin Kaul,51,Term Plan,HDFC Life,HDFC Life Secure Future,5000000,15,Janani Kumar,False
LIFE-414227,Tanay Ram,50,Endowment,HDFC Life,HDFC Life Savings Plan,5000000,25,Krish Patil,True
LIFE-591345,Garima Nagi,45,Term Plan,ICICI Pru Life,ICICI Pru Life Shield Plan,1000000,30,Mohammed Sha,False
LIFE-628553,Zashil Bhargava,45,Endowment,Max Life,Max Life Money Back Plus,2000000,20,Manya Tank,False
LIFE-873403,Ishaan Arora,50,Endowment,SBI Life,SBI Life Wealth Builder,1000000,25,Gagan Iyengar,False
LIFE-836567,Warda Narayanan,70,Term Plan,SBI Life,SBI Life Life Protect,2000000,10,Netra Luthra,False
LIFE-734322,Harish Dave,59,Whole Life,LIC,LIC Forever Secure,5000000,25,Radhika Kulkarni,False
LIFE-514279,Madhavi Bhatia,57,Term Plan,Max Life,Max Life Term Elite,5000000,30,Anita Mani,False
LIFE-974966,Divya Rana,56,Term Plan,HDFC Life,HDFC Life Life Protect,5000000,25,Umang Boase,False
LIFE-371313,David Brahmbhatt,49,Endowment,SBI Life,SBI Life Money Back Plus,2000000,10,Omisha Ratti,False
LIFE-399001,Warjas Kala,38,Term Plan,Max Life,Max Life Life Protect,500000,25,Suhani Jain,True
LIFE-304526,Gauri Balakrishnan,26,Term Plan,Max Life,Max Life Secure Future,5000000,20,Hemang Chawla,False
LIFE-161509,Daksha Sood,57,Term Plan,ICICI Pru Life,ICICI Pru Life Shield Plan,500000,20,Edhitha Buch,False
LIFE-519779,Brijesh Deol,37,Endowment,SBI Life,SBI Life Savings Plan,5000000,15,Jeremiah Pandey,False
LIFE-974468,Dominic Kamdar,60,Whole Life,ICICI Pru Life,ICICI Pru Life Lifetime Cover,5000000,25,Shaurya Chaudhuri,False
LIFE-687720,Aayush Sankaran,69,Whole Life,Max Life,Max Life Forever Secure,2000000,30,Januja Chopra,True
LIFE-762737,Osha Venkatesh,26,Whole Life,Max Life,Max Life Permanent Shield,5000000,10,Omisha Sahota,False
LIFE-727327,Advay Peri,64,Endowment,LIC,LIC Money Back Plus,500000,15,Vrishti Mannan,False
LIFE-395490,Varsha Sane,40,Whole Life,ICICI Pru Life,ICICI Pru Life Forever Secure,1000000,15,Rudra Shroff,False
LIFE-671602,Ryan Nadkarni,50,Whole Life,SBI Life,SBI Life Forever Secure,5000000,10,Aarav Purohit,False
LIFE-158399,Azad Khalsa,59,Endowment,ICICI Pru Life,ICICI Pru Life Wealth Builder,500000,20,David Pall,True
LIFE-756218,Indrajit Choudhry,66,Whole Life,LIC,LIC Lifetime Cover,1000000,10,Wahab Sahni,False
LIFE-127533,Urishilla Sathe,35,Endowment,HDFC Life,HDFC Life Savings Plan,2000000,25,Gaurangi Deep,False
LIFE-846836,Warhi Sen,65,Term Plan,Max Life,Max Life Secure Future,500000,15,Akshay Buch,False
LIFE-537093,Yasti Hari,68,Term Plan,Max Life,Max Life Secure Future,5000000,20,Yatan Kapoor,False
LIFE-160298,Vamakshi Pandey,45,Term Plan,LIC,LIC Term Elite,500000,30,Vyanjana Kade,False
LIFE-687046,Ishani Nori,33,Whole Life,ICICI Pru Life,ICICI Pru Life Forever Secure,500000,10,Nidhi Pillay,False
LIFE-438584,Hemani Arya,28,Term Plan,HDFC Life,HDFC Life Term Elite,2000000,15,Eta Kuruvilla,False
LIFE-736438,Krishna Bansal,69,Whole Life,SBI Life,SBI Life Lifetime Cover,5000000,20,Xalak Boase,False
LIFE-639287,Aryan Seshadri,52,Term Plan,HDFC Life,HDFC Life Secure Future,5000000,20,Dhruv Oza,False
LIFE-526205,Aishani Peri,38,Endowment,Max Life,Max Life Money Back Plus,5000000,20,Niharika Brahmbhatt,False
LIFE-616976,Vasatika Mani,27,Endowment,SBI Life,SBI Life Money Back Plus,2000000,10,Keya Ratti,False
LIFE-616021,Fariq Sampath,45,Whole Life,ICICI Pru Life,ICICI Pru Life Permanent Shield,2000000,25,Anthony Mangal,True
LIFE-102662,Hemani Pant,41,Whole Life,Max Life,Max Life Forever Secure,5000000,10,Rehaan Radhakrishnan,False
LIFE-904637,Avi Pandey,30,Whole Life,ICICI Pru Life,ICICI Pru Life Lifetime Cover,5000000,15,Simon Upadhyay,False
LIFE-556903,Anjali Sachdeva,69,Whole Life,Max Life,Max Life Forever Secure,2000000,20,Dipta Vyas,False
LIFE-554653,Divya Chakraborty,63,Term Plan,ICICI Pru Life,ICICI Pru Life Term Elite,2000000,25,Harrison Chanda,False
LIFE-407635,Aarav Yogi,59,Term Plan,HDFC Life,HDFC Life Term Elite,5000000,20,Pranit Acharya,True
LIFE-779749,Patrick Ramachandran,22,Term Plan,LIC,LIC Term Elite,2000000,10,Sudiksha Bath,False
LIFE-420487,Chaaya Kaul,44,Whole Life,SBI Life,SBI Life Lifetime Cover,5000000,20,Vansha Hans,False
LIFE-486129,Nilima Kohli,48,Endowment,HDFC Life,HDFC Life Money Back Plus,2000000,30,Veda Chowdhury,True
LIFE-482157,Isaac Raghavan,44,Whole Life,ICICI Pru Life,ICICI Pru Life Lifetime Cover,1000000,25,Vedika Gera,True
LIFE-387986,Dalbir Chadha,32,Endowment,Max Life,Max Life Wealth Builder,2000000,30,Alka Bhatnagar,False
LIFE-326684,Daksh Hans,23,Endowment,ICICI Pru Life,ICICI Pru Life Golden Years,1000000,15,Darsh Purohit,False
LIFE-227307,Panini Singh,31,Whole Life,Max Life,Max Life Lifetime Cover,2000000,25,Mitali Chokshi,False
LIFE-507293,Saksham Dixit,27,Whole Life,LIC,LIC Permanent Shield,500000,30,Hritik Badal,False
LIFE-914175,Sarthak Setty,20,Endowment,HDFC Life,HDFC Life Wealth Builder,1000000,15,Indrajit Ganesh,False
LIFE-533460,Vritti Patla,20,Endowment,Max Life,Max Life Savings Plan,1000000,30,Unni Sarin,False
LIFE-862157,Amruta Talwar,53,Term Plan,Max Life,Max Life Life Protect,2000000,10,Zinal Mohanty,False
LIFE-941195,Anvi Palla,29,Term Plan,ICICI Pru Life,ICICI Pru Life Term Elite,2000000,25,Max Dave,True
LIFE-318487,Ekalinga Hans,67,Endowment,ICICI Pru Life,ICICI Pru Life Golden Years,5000000,20,Bhavini Mody,False
LIFE-280467,Anay Sinha,41,Term Plan,SBI Life,SBI Life Secure Future,2000000,10,Arunima Mandal,False
LIFE-544284,Chaaya Mall,20,Whole Life,ICICI Pru Life,ICICI Pru Life Forever Secure,5000000,20,Udyati Kamdar,False
LIFE-930777,Meghana Iyengar,26,Endowment,ICICI Pru Life,ICICI Pru Life Money Back Plus,500000,15,Farhan Bumb,False
LIFE-327505,Kabir Palla,53,Whole Life,Max Life,Max Life Permanent Shield,1000000,30,Michael Balakrishnan,False
LIFE-649261,Chandani Kibe,40,Endowment,ICICI Pru Life,ICICI Pru Life Savings Plan,5000000,30,Vedika Issac,False
LIFE-691785,Yahvi Kurian,48,Term Plan,SBI Life,SBI Life Life Protect,500000,30,Ekavir Butala,True
LIFE-713326,Sai Lanka,32,Whole Life,ICICI Pru Life,ICICI Pru Life Permanent Shield,1000000,15,Chanchal Hari,False
LIFE-747441,Naveen Thakkar,29,Term Plan,Max Life,Max Life Secure Future,5000000,25,Varsha Ramaswamy,False
LIFE-265458,Vinaya Brahmbhatt,61,Whole Life,LIC,LIC Lifetime Cover,5000000,10,Falan Dara,False
LIFE-281507,Yachana Chowdhury,68,Whole Life,Max Life,Max Life Permanent Shield,1000000,20,Utkarsh Deep,False
LIFE-398423,Bishakha Barad,24,Endowment,HDFC Life,HDFC Life Wealth Builder,5000000,30,Chameli Narula,False
LIFE-926646,Jhalak Garde,67,Term Plan,SBI Life,SBI Life Secure Future,5000000,15,Vivaan Modi,False
LIFE-448040,Brinda Bains,29,Whole Life,LIC,LIC Permanent Shield,500000,15,Kamala Dass,False
LIFE-154312,Simon Upadhyay,41,Endowment,ICICI Pru Life,ICICI Pru Life Money Back Plus,5000000,10,Ayushman Bhatnagar,False
LIFE-814773,Yatin Pandit,46,Term Plan,LIC,LIC Term Elite,1000000,20,Adweta Viswanathan,False
LIFE-841885,Turvi Dâ€™Alia,28,Term Plan,LIC,LIC Shield Plan,1000000,10,Nitara Divan,False
LIFE-650459,Yachana Hari,66,Whole Life,Max Life,Max Life Permanent Shield,2000000,30,Baljiwan Dey,False
LIFE-525908,Vasatika Barad,68,Term Plan,SBI Life,SBI Life Term Elite,2000000,30,Pranav Ravi,True
LIFE-414841,Ranveer Yogi,52,Term Plan,Max Life,Max Life Secure Future,1000000,15,Omya Jaggi,False
LIFE-958615,Vedika Vohra,49,Term Plan,ICICI Pru Life,ICICI Pru Life Life Protect,2000000,15,Ishwar Bhatt,False
LIFE-125952,Varenya Aggarwal,55,Endowment,LIC,LIC Money Back Plus,1000000,15,Patrick Suri,False
LIFE-530511,Raagini Dave,27,Whole Life,Max Life,Max Life Forever Secure,5000000,30,Jasmit Chandra,True
LIFE-804796,Laksh Panchal,32,Term Plan,ICICI Pru Life,ICICI Pru Life Life Protect,2000000,15,Zayyan Korpal,False
LIFE-274710,Alka Nayar,68,Term Plan,LIC,LIC Shield Plan,500000,10,Tanmayi Dâ€™Alia,False
LIFE-468713,Oliver Kashyap,63,Term Plan,HDFC Life,HDFC Life Secure Future,500000,30,Nikita Gola,False
LIFE-850635,Anvi Ganesh,36,Term Plan,HDFC Life,HDFC Life Secure Future,2000000,30,Jacob Bal,False
LIFE-384610,Faraj Mohanty,23,Whole Life,HDFC Life,HDFC Life Forever Secure,5000000,15,Aarnav Bajaj,False
LIFE-914947,Ronith Krishnamurthy,21,Term Plan,SBI Life,SBI Life Life Protect,2000000,15,Mohini Srinivas,False
LIFE-117702,Bimala Bakshi,38,Whole Life,LIC,LIC Lifetime Cover,2000000,20,Joshua Sarkar,True
LIFE-730708,Kashish Ramanathan,58,Whole Life,HDFC Life,HDFC Life Lifetime Cover,1000000,20,Logan Madan,False
LIFE-711817,Daksha Bumb,47,Endowment,ICICI Pru Life,ICICI Pru Life Money Back Plus,500000,25,Ishani Lad,False
LIFE-745765,Udant Chopra,41,Endowment,LIC,LIC Money Back Plus,5000000,25,Riya Kade,True
LIFE-755569,Janani Butala,33,Whole Life,SBI Life,SBI Life Lifetime Cover,500000,10,Vrishti Apte,False
LIFE-868237,Oni Sengupta,54,Term Plan,HDFC Life,HDFC Life Term Elite,2000000,20,Anita Modi,True
LIFE-605880,Kashvi Choudhary,40,Whole Life,Max Life,Max Life Permanent Shield,5000000,30,Chaman Sathe,False
LIFE-748696,Amrita Nayar,63,Endowment,ICICI Pru Life,ICICI Pru Life Savings Plan,1000000,10,Yoshita Yogi,False
LIFE-334733,Oscar Ramesh,50,Whole Life,SBI Life,SBI Life Forever Secure,2000000,15,Chaitaly Jhaveri,False
LIFE-448020,Jagdish Bhatti,31,Whole Life,LIC,LIC Permanent Shield,2000000,30,Sarthak Jayaraman,False
LIFE-450476,Jackson Sinha,45,Endowment,SBI Life,SBI Life Wealth Builder,1000000,10,Balveer Ghosh,False
LIFE-773460,Aarna Dara,61,Whole Life,SBI Life,SBI Life Lifetime Cover,2000000,10,Noah Hora,False
LIFE-568068,Upkaar Viswanathan,51,Endowment,LIC,LIC Golden Years,1000000,15,Vincent Gola,False
LIFE-932036,Lavanya Bains,35,Whole Life,HDFC Life,HDFC Life Forever Secure,2000000,30,Sanaya Shah,False
LIFE-890916,Wridesh Dâ€™Alia,44,Whole Life,Max Life,Max Life Permanent Shield,5000000,15,Omaja Kibe,False
LIFE-416095,Qabil Tandon,60,Whole Life,SBI Life,SBI Life Forever Secure,2000000,15,Dayamai Sant,False
LIFE-799324,Reyansh Raghavan,64,Endowment,HDFC Life,HDFC Life Golden Years,2000000,20,Thomas Narang,False
LIFE-991739,Mitali Sarna,53,Endowment,SBI Life,SBI Life Golden Years,2000000,20,Raghav Krishnamurthy,False
LIFE-353993,Viraj Ahuja,40,Whole Life,ICICI Pru Life,ICICI Pru Life Lifetime Cover,2000000,30,Aditya Chad,False
LIFE-769167,Urvashi Dewan,45,Term Plan,SBI Life,SBI Life Life Protect,2000000,30,Mason Talwar,True
LIFE-766399,Harish Goyal,50,Term Plan,SBI Life,SBI Life Life Protect,500000,25,Azaan Barman,False
LIFE-106196,Ganga Kar,48,Endowment,LIC,LIC Golden Years,2000000,20,Adya Guha,True
LIFE-924980,Charvi Nagy,38,Endowment,ICICI Pru Life,ICICI Pru Life Wealth Builder,1000000,30,Banjeet Yogi,False
LIFE-395254,Yamini Nagi,20,Term Plan,SBI Life,SBI Life Life Protect,500000,10,Sudiksha Bains,False
LIFE-497478,Sanaya Sankaran,36,Whole Life,SBI Life,SBI Life Permanent Shield,5000000,15,Peter Lanka,False
LIFE-540401,Yadavi Borde,25,Endowment,Max Life,Max Life Savings Plan,5000000,15,Geetika Jayaraman,False
LIFE-639755,Vamakshi Chopra,55,Term Plan,Max Life,Max Life Life Protect,5000000,25,Anya Gupta,True
LIFE-853687,Sai Nagar,24,Term Plan,HDFC Life,HDFC Life Secure Future,500000,10,Bhavani Chahal,True
LIFE-984112,Aradhana Sengupta,49,Whole Life,SBI Life,SBI Life Forever Secure,1000000,10,Amaira Garde,False
LIFE-303461,Suhani Bora,64,Endowment,HDFC Life,HDFC Life Money Back Plus,500000,20,Girindra Sodhi,False
LIFE-281153,Atharv Chakraborty,36,Term Plan,ICICI Pru Life,ICICI Pru Life Term Elite,5000000,30,Upkaar Sha,False
LIFE-907101,Pallavi Ram,45,Term Plan,HDFC Life,HDFC Life Term Elite,500000,10,Diya Sridhar,False
LIFE-546003,Girish Nadkarni,61,Whole Life,SBI Life,SBI Life Lifetime Cover,2000000,10,Rishi Bhat,True
LIFE-235257,Siya Edwin,61,Whole Life,Max Life,Max Life Forever Secure,1000000,15,Nandini Bhavsar,True
LIFE-976117,Hritik Narain,60,Term Plan,ICICI Pru Life,ICICI Pru Life Life Protect,1000000,25,Anmol Subramaniam,False
LIFE-102390,Vyanjana Kala,55,Endowment,SBI Life,SBI Life Money Back Plus,2000000,15,Anya Zachariah,False
LIFE-953291,Janya Dada,44,Whole Life,Max Life,Max Life Permanent Shield,500000,20,Oviya Pandey,False
LIFE-525072,Jairaj Raj,45,Endowment,ICICI Pru Life,ICICI Pru Life Wealth Builder,1000000,30,Hemani Raj,False
LIFE-302657,Geetika Basu,56,Whole Life,SBI Life,SBI Life Permanent Shield,2000000,20,Bhavya Ranganathan,False
LIFE-278077,Dipta Zacharia,64,Whole Life,Max Life,Max Life Permanent Shield,500000,10,Dalaja Bhatti,False
LIFE-133399,Vincent Rao,53,Endowment,ICICI Pru Life,ICICI Pru Life Money Back Plus,1000000,10,Chameli Agrawal,False
LIFE-439974,Balhaar Kohli,68,Endowment,HDFC Life,HDFC Life Golden Years,2000000,25,Chameli Modi,False
LIFE-335487,Chandran Goyal,56,Whole Life,SBI Life,SBI Life Permanent Shield,5000000,10,Shivansh Prasad,True
LIFE-423312,Rayaan Samra,41,Term Plan,HDFC Life,HDFC Life Life Protect,2000000,10,Rachit Bumb,False
LIFE-690233,Charles Virk,39,Term Plan,HDFC Life,HDFC Life Secure Future,2000000,30,Deepa Som,False
LIFE-612996,Ishani Chandra,21,Whole Life,HDFC Life,HDFC Life Lifetime Cover,5000000,20,Nachiket Randhawa,False
LIFE-898201,Bahadurjit Kapadia,29,Term Plan,Max Life,Max Life Secure Future,500000,30,Vedika Brar,False
LIFE-438607,Zashil Prakash,56,Term Plan,ICICI Pru Life,ICICI Pru Life Secure Future,5000000,10,Hemangini Karan,True
LIFE-530345,Simon Chatterjee,40,Whole Life,ICICI Pru Life,ICICI Pru Life Lifetime Cover,2000000,10,Samesh Pau,False
LIFE-921263,Nakul Dave,65,Endowment,HDFC Life,HDFC Life Savings Plan,1000000,10,Faraj Johal,False
LIFE-197137,Ira Iyengar,20,Endowment,SBI Life,SBI Life Savings Plan,1000000,20,Kritika Arora,False
LIFE-672686,Lucky Nayar,33,Term Plan,ICICI Pru Life,ICICI Pru Life Shield Plan,500000,20,Wyatt Chadha,False
LIFE-433192,Varenya Shere,55,Endowment,LIC,LIC Savings Plan,500000,30,Ishanvi Devi,False
LIFE-890019,Omisha Varughese,46,Endowment,Max Life,Max Life Savings Plan,1000000,15,Widisha Rout,False
LIFE-738511,Dev Muni,67,Term Plan,ICICI Pru Life,ICICI Pru Life Secure Future,5000000,20,Samar Tata,False
LIFE-305964,Jhalak Dar,32,Endowment,LIC,LIC Wealth Builder,500000,10,Jagdish Roy,False
LIFE-231037,Ati Mohanty,32,Term Plan,Max Life,Max Life Term Elite,2000000,30,Bhavani Kapur,True
LIFE-751228,Kashish Thaker,60,Term Plan,HDFC Life,HDFC Life Life Protect,5000000,25,Libni Kohli,False
LIFE-150107,Pavani Ratta,35,Endowment,ICICI Pru Life,ICICI Pru Life Savings Plan,2000000,10,Darpan Nanda,False
LIFE-611026,Chakrika Deo,46,Endowment,SBI Life,SBI Life Savings Plan,1000000,15,Sanaya Agrawal,False
LIFE-145416,Aarna Brahmbhatt,55,Whole Life,HDFC Life,HDFC Life Permanent Shield,2000000,15,Samaksh Sarna,False
LIFE-831432,Michael Parmar,36,Whole Life,ICICI Pru Life,ICICI Pru Life Permanent Shield,2000000,25,Zaitra Ram,False
LIFE-240175,Girik Gole,24,Term Plan,LIC,LIC Secure Future,1000000,25,Panini Varty,False
LIFE-544815,Janya Borde,61,Whole Life,HDFC Life,HDFC Life Forever Secure,2000000,25,Vritti Murty,False
LIFE-535285,Vritti Bhagat,56,Term Plan,Max Life,Max Life Life Protect,2000000,30,Radhika Divan,False
LIFE-500192,Irya Nath,52,Term Plan,SBI Life,SBI Life Life Protect,5000000,30,Isaac Nanda,True
LIFE-157330,Chandresh Pai,40,Endowment,HDFC Life,HDFC Life Money Back Plus,500000,25,Hardik Tiwari,False
LIFE-677699,Charita Nori,40,Endowment,Max Life,Max Life Savings Plan,5000000,25,Raghav Sarna,False
LIFE-245202,Kritika Wable,52,Endowment,ICICI Pru Life,ICICI Pru Life Money Back Plus,2000000,30,Tamanna Mand,False
LIFE-608819,Yachana Zacharia,57,Term Plan,SBI Life,SBI Life Life Protect,5000000,20,Chaitanya Kumar,False
LIFE-704272,Harsh Bhalla,64,Term Plan,Max Life,Max Life Term Elite,2000000,30,Sachi Pathak,False
LIFE-871622,Faqid Barad,58,Whole Life,HDFC Life,HDFC Life Permanent Shield,5000000,10,Upkaar Bhatt,True
LIFE-982777,Anay Pingle,70,Endowment,LIC,LIC Wealth Builder,500000,20,Imaran Lata,False
LIFE-245098,Omaja Kale,68,Whole Life,ICICI Pru Life,ICICI Pru Life Permanent Shield,1000000,10,Sai Raman,False
LIFE-672090,Megha Deo,35,Whole Life,LIC,LIC Forever Secure,500000,20,Ekta Bassi,False
LIFE-540899,Vanya Bala,47,Term Plan,ICICI Pru Life,ICICI Pru Life Life Protect,500000,20,Balvan Randhawa,False
LIFE-411177,Abhimanyu Ratti,63,Endowment,ICICI Pru Life,ICICI Pru Life Money Back Plus,500000,25,Simon Nigam,True
LIFE-739170,Ishanvi Mahal,54,Term Plan,HDFC Life,HDFC Life Term Elite,5000000,10,Hemang Om,False
LIFE-728273,Eiravati Kumar,26,Term Plan,LIC,LIC Life Protect,2000000,30,Urmi Ranganathan,False
LIFE-464391,Bhavna Rau,69,Term Plan,LIC,LIC Secure Future,1000000,30,Aishani Comar,True
LIFE-796246,Yash Bhagat,29,Endowment,Max Life,Max Life Money Back Plus,2000000,30,Orinder Mammen,False
LIFE-751400,Radha Chhabra,38,Endowment,SBI Life,SBI Life Wealth Builder,500000,10,Jalsa Raja,False
LIFE-827785,Farhan Krish,50,Endowment,Max Life,Max Life Wealth Builder,1000000,30,Benjamin Behl,False
LIFE-207279,Jhalak Bhalla,23,Whole Life,SBI Life,SBI Life Lifetime Cover,500000,10,Divya Yogi,True
LIFE-145111,Logan Setty,44,Endowment,SBI Life,SBI Life Savings Plan,1000000,25,Frederick Vyas,False
LIFE-467591,Gautam Biswas,55,Term Plan,HDFC Life,HDFC Life Shield Plan,1000000,15,Urishilla Nayak,False
LIFE-534696,Ishani Nagy,60,Whole Life,SBI Life,SBI Life Forever Secure,2000000,15,Samar Agrawal,False
LIFE-526565,Saumya Bansal,27,Whole Life,LIC,LIC Forever Secure,2000000,25,Ira Kari,True
LIFE-321513,Triveni Sarraf,59,Whole Life,HDFC Life,HDFC Life Permanent Shield,500000,30,Gautami Anne,False
LIFE-725550,Nilima Venkatesh,30,Endowment,SBI Life,SBI Life Money Back Plus,5000000,10,Yashawini Narayanan,False
LIFE-363889,Oviya Oza,37,Whole Life,HDFC Life,HDFC Life Lifetime Cover,5000000,15,Ekantika Sagar,False
LIFE-517244,Ijaya Saran,30,Endowment,SBI Life,SBI Life Savings Plan,5000000,25,Chavvi Gaba,False
LIFE-835038,Vrishti Bakshi,48,Endowment,SBI Life,SBI Life Wealth Builder,2000000,10,Naveen Nayak,True
LIFE-936265,Dalaja Kibe,38,Term Plan,ICICI Pru Life,ICICI Pru Life Shield Plan,500000,15,Priya Wagle,False
LIFE-750563,Viraj Ahluwalia,25,Whole Life,SBI Life,SBI Life Permanent Shield,500000,25,Michael Sangha,False
LIFE-190653,Ansh Balay,40,Term Plan,HDFC Life,HDFC Life Secure Future,2000000,25,Yuvraj Kata,False
LIFE-850078,Manbir Cherian,20,Endowment,LIC,LIC Wealth Builder,5000000,30,Aarush Swamy,False
LIFE-945176,Aradhana Gupta,23,Endowment,LIC,LIC Money Back Plus,2000000,15,Prisha Khare,False
LIFE-332820,Nihal Srivastava,67,Whole Life,Max Life,Max Life Lifetime Cover,500000,20,Vihaan Dewan,False
LIFE-386408,Tejas Majumdar,65,Term Plan,Max Life,Max Life Shield Plan,500000,15,Veda Balakrishnan,False
LIFE-697079,Daksha Pall,48,Whole Life,SBI Life,SBI Life Permanent Shield,1000000,30,Janaki Lad,False
LIFE-304105,Triya Kota,44,Term Plan,ICICI Pru Life,ICICI Pru Life Life Protect,2000000,30,Yutika Manne,False
LIFE-494401,Upadhriti Ravi,25,Term Plan,LIC,LIC Shield Plan,2000000,30,Tara Ramanathan,False
LIFE-265642,Ladli Chanda,25,Endowment,LIC,LIC Wealth Builder,2000000,10,Geetika Tripathi,False
LIFE-115939,Radhika Sidhu,28,Endowment,Max Life,Max Life Golden Years,5000000,20,Bimala Varughese,False
LIFE-997361,Charan Subramaniam,37,Endowment,SBI Life,SBI Life Golden Years,5000000,30,Eesha Saha,False
LIFE-324340,Pratyush Edwin,22,Endowment,ICICI Pru Life,ICICI Pru Life Savings Plan,5000000,20,Gabriel Atwal,False
LIFE-219681,Ishanvi Batta,54,Endowment,Max Life,Max Life Money Back Plus,2000000,15,Harini De,False
LIFE-738122,Qushi Gala,36,Term Plan,LIC,LIC Term Elite,2000000,30,Aarna Tella,False
LIFE-186968,Rajeshri Pandey,32,Whole Life,HDFC Life,HDFC Life Permanent Shield,1000000,15,Gaurav Bhardwaj,False
LIFE-730520,Wridesh Pall,65,Whole Life,ICICI Pru Life,ICICI Pru Life Permanent Shield,500000,25,Lakshit Dar,False
LIFE-722067,Ranveer Sama,24,Endowment,HDFC Life,HDFC Life Wealth Builder,2000000,30,Siya Shere,False
LIFE-281002,Henry Bora,31,Whole Life,Max Life,Max Life Lifetime Cover,500000,30,Yagnesh Shah,False
LIFE-665439,Dhriti Pal,35,Endowment,SBI Life,SBI Life Savings Plan,5000000,20,Yutika Tailor,False
LIFE-749188,Yashawini Apte,41,Term Plan,HDFC Life,HDFC Life Life Protect,500000,10,Janaki Chand,False
LIFE-926219,Amol Bhargava,26,Term Plan,ICICI Pru Life,ICICI Pru Life Term Elite,2000000,10,Chakradev Chanda,False
LIFE-803892,Aryan Dubey,55,Endowment,Max Life,Max Life Golden Years,2000000,25,Ishwar Hans,False
LIFE-965856,Oeshi Ramachandran,53,Term Plan,Max Life,Max Life Secure Future,5000000,20,Arjun Bumb,False
LIFE-479340,Harinakshi Bakshi,39,Whole Life,ICICI Pru Life,ICICI Pru Life Permanent Shield,500000,10,Yashasvi Mistry,False
LIFE-700675,Vivaan Ben,50,Whole Life,ICICI Pru Life,ICICI Pru Life Forever Secure,2000000,30,Timothy Rege,True
LIFE-549167,Unni Thakkar,28,Endowment,HDFC Life,HDFC Life Golden Years,2000000,25,Amara Pillai,False
LIFE-173757,Vidhi Dash,51,Whole Life,ICICI Pru Life,ICICI Pru Life Permanent Shield,2000000,20,Faris Dass,False
LIFE-111781,Urmi Subramaniam,54,Term Plan,HDFC Life,HDFC Life Secure Future,500000,10,Orinder Krishnamurthy,False
LIFE-843893,Advika Karpe,42,Endowment,ICICI Pru Life,ICICI Pru Life Wealth Builder,1000000,25,Meera Baria,False
LIFE-628126,Devansh Dar,58,Endowment,HDFC Life,HDFC Life Golden Years,1000000,25,Hredhaan Dutt,False
LIFE-795460,Vidhi Pau,56,Endowment,SBI Life,SBI Life Money Back Plus,500000,10,Sanya Prashad,True
LIFE-288355,Edhitha Chahal,35,Term Plan,SBI Life,SBI Life Shield Plan,2000000,15,Chatura Vaidya,False
LIFE-119607,Oeshi Konda,36,Whole Life,SBI Life,SBI Life Lifetime Cover,2000000,20,Harshil Bhasin,False
LIFE-945764,Qarin Kohli,66,Whole Life,ICICI Pru Life,ICICI Pru Life Permanent Shield,500000,10,Vansha Ganesh,False
LIFE-788716,Anjali Shenoy,29,Whole Life,SBI Life,SBI Life Lifetime Cover,500000,25,Arjun Naik,False
LIFE-440076,Bhavani Ram,69,Term Plan,HDFC Life,HDFC Life Shield Plan,2000000,25,Udarsh Sandhu,False
LIFE-577139,Jyoti Kumar,35,Endowment,HDFC Life,HDFC Life Money Back Plus,5000000,25,Samesh Dhillon,False
LIFE-461738,Timothy Som,37,Endowment,Max Life,Max Life Savings Plan,1000000,10,Varenya Gade,False
LIFE-182991,Aditya Lal,44,Endowment,LIC,LIC Wealth Builder,2000000,15,Sara Warrior,False
LIFE-167736,Timothy Rout,31,Whole Life,ICICI Pru Life,ICICI Pru Life Forever Secure,1000000,10,Ryan Nadig,False
LIFE-954142,Dipta Kumar,23,Whole Life,ICICI Pru Life,ICICI Pru Life Forever Secure,500000,30,Anirudh Rajan,False
LIFE-960323,Udant Parmar,45,Endowment,LIC,LIC Money Back Plus,500000,10,Ronith Nayar,True
LIFE-198862,Anjali Balan,31,Whole Life,SBI Life,SBI Life Forever Secure,500000,10,Rayaan Kapoor,False
LIFE-230635,Akshay Balan,26,Endowment,HDFC Life,HDFC Life Golden Years,2000000,10,Elijah Puri,False
LIFE-981993,Laban Bal,32,Whole Life,LIC,LIC Forever Secure,2000000,20,Abdul Misra,False
LIFE-693565,Avni Din,61,Whole Life,HDFC Life,HDFC Life Lifetime Cover,5000000,30,Sarthak Chada,False
LIFE-403420,Aarnav Mitter,23,Term Plan,LIC,LIC Life Protect,2000000,25,Naksh Mani,True
LIFE-646546,Laban Kannan,57,Term Plan,HDFC Life,HDFC Life Shield Plan,500000,25,Nilima Mohan,False
LIFE-953423,Girish Dalal,43,Whole Life,LIC,LIC Forever Secure,500000,15,Darika Kaur,False
LIFE-928369,Udant Sarraf,51,Term Plan,SBI Life,SBI Life Shield Plan,2000000,30,Ekavir Sibal,False
LIFE-836556,Lakshit Warrior,48,Whole Life,HDFC Life,HDFC Life Permanent Shield,1000000,10,Hitesh Parmer,False
LIFE-597049,Jagdish Ramesh,51,Whole Life,ICICI Pru Life,ICICI Pru Life Permanent Shield,5000000,30,Irya Karnik,False
LIFE-330555,Sneha Goda,65,Endowment,SBI Life,SBI Life Wealth Builder,5000000,15,Odika Karpe,False
LIFE-588061,Samar Madan,64,Term Plan,Max Life,Max Life Secure Future,2000000,10,Omisha Gandhi,False
LIFE-966077,Vasana Mutti,45,Endowment,LIC,LIC Golden Years,1000000,25,Kashish Memon,False
LIFE-260394,Priya Dora,40,Endowment,SBI Life,SBI Life Wealth Builder,5000000,20,Samar Sahota,False
LIFE-118575,Amrita Dada,70,Whole Life,SBI Life,SBI Life Forever Secure,500000,30,Gagan Bali,False
LIFE-971953,Amara Contractor,59,Endowment,LIC,LIC Golden Years,2000000,30,Diya Ahuja,False
LIFE-207097,Vrishti Pillay,33,Endowment,ICICI Pru Life,ICICI Pru Life Money Back Plus,500000,15,Nidhi Goswami,False
LIFE-514015,Tanmayi Bala,52,Whole Life,LIC,LIC Forever Secure,500000,15,Viraj Bhatnagar,False
LIFE-325685,Samarth Narayan,37,Whole Life,Max Life,Max Life Lifetime Cover,1000000,30,Alexander Varma,False
LIFE-196196,Balvan Bakshi,63,Term Plan,ICICI Pru Life,ICICI Pru Life Life Protect,5000000,30,Samuel Soni,False
LIFE-488503,Aachal Muni,42,Endowment,SBI Life,SBI Life Golden Years,5000000,25,Lakshmi Parikh,False
LIFE-839623,Daniel Agrawal,67,Whole Life,Max Life,Max Life Forever Secure,500000,20,Charvi Bora,False
LIFE-736863,Yatan Rana,35,Term Plan,LIC,LIC Secure Future,1000000,15,Vinaya Ahluwalia,False
LIFE-491073,Dipta Rajan,29,Whole Life,SBI Life,SBI Life Forever Secure,5000000,15,Vidhi Johal,False
LIFE-712842,Oscar Gokhale,32,Term Plan,SBI Life,SBI Life Life Protect,2000000,10,Aachal Bhat,False
LIFE-635879,Urvashi Kumer,50,Term Plan,ICICI Pru Life,ICICI Pru Life Shield Plan,1000000,10,Chatura Minhas,False
LIFE-256246,Hema Devi,29,Term Plan,HDFC Life,HDFC Life Secure Future,1000000,25,Aadhya Naik,False
LIFE-328323,Nakul Dutta,30,Whole Life,SBI Life,SBI Life Permanent Shield,5000000,25,Tarak Om,False
LIFE-688952,Ekanta Bhatti,67,Term Plan,SBI Life,SBI Life Shield Plan,1000000,15,Wyatt Wason,False
LIFE-807899,Anusha Joshi,23,Term Plan,HDFC Life,HDFC Life Secure Future,2000000,10,Libni Subramaniam,False
LIFE-566529,Aarnav Koshy,43,Term Plan,ICICI Pru Life,ICICI Pru Life Term Elite,500000,30,Charan More,False
LIFE-673020,Tamanna Prashad,28,Whole Life,SBI Life,SBI Life Forever Secure,500000,25,Udyati Goswami,False
LIFE-264942,Viraj Srinivasan,22,Endowment,HDFC Life,HDFC Life Savings Plan,2000000,20,Urvi Choudhary,False
LIFE-792333,Owen Dubey,45,Whole Life,ICICI Pru Life,ICICI Pru Life Lifetime Cover,1000000,25,Vasudha Khatri,True
LIFE-896948,Hritik Bava,36,Whole Life,LIC,LIC Forever Secure,2000000,25,Tanish Radhakrishnan,False
LIFE-461058,Darpan Sama,36,Endowment,LIC,LIC Money Back Plus,2000000,15,Libni Venkataraman,False
LIFE-781364,Keya Nayar,39,Term Plan,LIC,LIC Secure Future,500000,20,Gautam Mukherjee,False
LIFE-258340,Bhavika Sagar,58,Whole Life,Max Life,Max Life Permanent Shield,5000000,25,Hiral Kara,False
LIFE-363575,Ekapad Mukhopadhyay,51,Endowment,SBI Life,SBI Life Savings Plan,5000000,20,Manya Divan,False
LIFE-824615,Meghana Dhawan,37,Endowment,SBI Life,SBI Life Wealth Builder,5000000,25,Maanas Ben,False
LIFE-398538,Ekbal Deshmukh,56,Endowment,ICICI Pru Life,ICICI Pru Life Wealth Builder,500000,15,Rayaan Zacharia,False
LIFE-244000,Mahika Savant,30,Whole Life,SBI Life,SBI Life Permanent Shield,500000,25,Owen Chandra,False
LIFE-458744,Niharika Ram,51,Endowment,SBI Life,SBI Life Savings Plan,1000000,25,Vansha Narasimhan,False
LIFE-711033,Bishakha Chaudhary,68,Term Plan,HDFC Life,HDFC Life Life Protect,5000000,25,Upadhriti Nadkarni,False
LIFE-446934,Adya Srinivasan,56,Term Plan,HDFC Life,HDFC Life Secure Future,2000000,20,Ranveer Dash,False
LIFE-532121,Sarthak Deshpande,67,Term Plan,LIC,LIC Shield Plan,1000000,30,Ekiya Bassi,False
LIFE-435655,Falak Comar,28,Endowment,LIC,LIC Golden Years,1000000,15,Abdul Dutta,False
LIFE-407155,Panini Deshpande,36,Endowment,LIC,LIC Money Back Plus,5000000,30,Falguni Khanna,False
LIFE-344239,Pranav Mukhopadhyay,40,Term Plan,LIC,LIC Shield Plan,1000000,10,Radhika Bahl,False
LIFE-325588,Jairaj Arya,20,Term Plan,HDFC Life,HDFC Life Life Protect,500000,30,Jatin Korpal,False
LIFE-303380,Nicholas Narayanan,62,Whole Life,LIC,LIC Permanent Shield,5000000,30,Jagvi Malhotra,False
LIFE-997191,Chaman Shanker,66,Endowment,LIC,LIC Money Back Plus,1000000,30,Girik More,False
LIFE-829407,Abeer Barad,41,Whole Life,SBI Life,SBI Life Forever Secure,1000000,20,Ansh Prakash,False
LIFE-289671,Omkaar Cherian,42,Whole Life,Max Life,Max Life Forever Secure,5000000,10,Bhavya Mitter,True
LIFE-354290,Chaaya Tiwari,32,Whole Life,Max Life,Max Life Permanent Shield,1000000,25,Gaurika Kapur,False
LIFE-878362,Madhav Suresh,40,Term Plan,Max Life,Max Life Life Protect,500000,25,Megha Narayan,False
LIFE-791778,Keya Kumar,37,Term Plan,LIC,LIC Secure Future,2000000,30,Omisha Prabhakar,False
LIFE-348366,Aarnav Kashyap,67,Whole Life,ICICI Pru Life,ICICI Pru Life Lifetime Cover,1000000,20,Alka Sanghvi,False
LIFE-552394,Aishani Bhardwaj,52,Whole Life,ICICI Pru Life,ICICI Pru Life Permanent Shield,5000000,10,Rishi Ben,False
LIFE-304390,Yutika Uppal,27,Endowment,ICICI Pru Life,ICICI Pru Life Money Back Plus,5000000,20,Daniel Upadhyay,False
LIFE-508226,Vanya Mand,60,Term Plan,LIC,LIC Term Elite,5000000,20,Yadavi Magar,False
LIFE-746281,Naksh Sarma,62,Whole Life,ICICI Pru Life,ICICI Pru Life Forever Secure,500000,30,Ishaan Chaudhry,True
